{
	"names": [
		"Hp-xyl",
		"ASax-key-cl",
		"ASax-slap",
		"Gtr-ord-hi-reg",
		"Gtr-pizz",
		"Hp-harm-fngr",
		"Hp-ord",
		"Hp-pizz-bartok",
		"Hn-ord",
		"Hn-slap",
		"Ob-key-cl",
		"TTbn+C-ord",
		"TTbn+H-ord",
		"TTbn+S-ord",
		"TTbn+W-ord-closed",
		"TTbn+W-ord-open",
		"TTbn-ord",
		"TpC+C-ord",
		"TpC+H-ord",
		"TpC+S-ord",
		"TpC+W-ord-closed",
		"TpC+W-ord-open",
		"TpC-ord",
		"TpC-pdl-tone",
		"TpC-slap",
		"Va+S-ord",
		"Va+SP-ord",
		"Va-art-harm",
		"Va-legno-batt",
		"Va-ord",
		"Va-pizz-bartok",
		"Va-pizz-lv",
		"Va-pizz-sec",
		"Va-pont",
		"Vn+S-ord",
		"Vn+SP-ord",
		"Vn-art-harm",
		"Vn-legno-batt",
		"Vn-ord",
		"Vn-pizz-bartok",
		"Vn-pizz-lv",
		"Vn-pizz-sec",
		"Vn-pont",
		"Vc+S-ord",
		"Vc+SP-ord",
		"Vc-art-harm",
		"Vc-legno-batt",
		"Vc-ord",
		"Vc-pizz-bartok",
		"Vc-pizz-lv",
		"Vc-pizz-sec",
		"Vc-pont",
		"ASax-ord",
		"ASax-ord-hi-reg",
		"ASax-slap-unp",
		"BBTb-explo-slap",
		"BBTb-pdl-tone",
		"BBTb-slap",
		"BBTb-slap-unp",
		"Bn-key-cl",
		"Bn-ord",
		"BbCl-key-cl",
		"BbCl-ord-hi-reg",
		"Cb-pizz-bartok",
		"Cb-pizz-lv",
		"Cb-pizz-sec",
		"Cb-pont",
		"Fl-key-cl",
		"Fl-ord",
		"Fl-tng-ram",
		"Gtr-ord",
		"Gtr-pizz-bartok",
		"Ob-blow-no-reed",
		"Ob-ord",
		"Vn-nonvib",
		"Vc-legno-tratto",
		"Vc-nonvib",
		"Vc-tasto"
	],
	"x": [0.2189633127,0.05114471538,0.05114471538,0.2178482975,0.1294600608,0.2285529469,0.2509287598,0.1358531502,0.4668666814,0.1294600608,0.009589634134,0.4902643819,0.3080965709,0.391659787,0.4234138091,0.4250850734,0.5053057608,0.5938827699,0.4568390955,0.5454161045,0.3331655357,0.3649195578,0.5404023116,0.5604574834,0,0.7325977086,0.6356643779,0.7275839156,0.1693816322,0.7743793166,0.1006911584,0.1326566055,0.1406479673,0.7927632241,0.7459678231,0.7041862151,0.6774459859,0.03676026418,0.7593379377,0.1022894308,0.166220325,0.1806047762,1,0.5303747257,0.5019632322,0.7877494312,0.1118790649,0.6590620784,0.1582289632,0.2061771339,0.2141684957,0.8830114975,0.573827598,0.4919356463,0.05274298774,0.01118790649,0.4885931176,0.01278617885,0.006393089423,0.004794817067,0.3131103639,0.07352052836,0.53204599,0.09909288605,0.1630237803,0.1742116868,0.6975011578,0.05114471538,0.4568390955,0.001598272356,0.1853995933,0.1022894308,0.9782735638,0.4000161086,0.6039103558,0.8479149467,0.4702092101,0.6690896643],
	"y": [0.6390611953,0.2745213527,0.3881441608,0.1534653465,0.3076613384,0.4307527138,0.5538440892,0.5301726709,0.7524752475,0.7384811523,0.2508499344,0.4653465347,0.5544554455,0.504950495,0.5495049505,0.4504950495,0.5594059406,0.297029703,0.2326732673,0.3663366337,0.4653465347,0.4554455446,0.5544554455,0.6435643564,0.3739413098,0.3712871287,0.3465346535,0.1633663366,0.896039604,0.4158415842,0.6958725993,0.4118155791,0.6437954789,0.2277227723,0.4752475248,0.3613861386,0.09900990099,0.6106554933,0.2821782178,0.4686269832,0.3360670404,0.6437954789,0.5445544554,0.4653465347,0.3712871287,0.4900990099,0.8473696767,0.4603960396,0.227178516,0.3265984731,0.5349069546,0.4702970297,0.4603960396,0.1138613861,0.5065012525,0.9325867828,1,0.828432542,0.7195440177,0.4780955505,0.3663366337,0.1608985447,0,0.5917183586,0.7242783013,0.5254383872,0.4603960396,0.6201240606,0.4455445545,0.5869840749,0.4260184302,0.3360670404,0.4207920792,0.4059405941,0.4504950495,0.4554455446,0.3168316832,0.3613861386],
	"color": [5,6,6,5,5,5,5,5,7,5,2,7,7,7,7,7,7,7,7,7,7,7,7,7,2,1,1,1,5,1,6,5,5,1,1,1,1,6,1,6,5,5,3,7,7,1,5,1,5,5,5,1,7,4,6,2,7,2,2,2,7,6,4,6,5,5,1,6,7,2,5,5,3,7,7,1,7,1]
}
