{
	"names": [
		"Hp-xyl",
		"ASax-key-cl",
		"ASax-slap",
		"Gtr-ord-hi-reg",
		"Gtr-pizz",
		"Hp-harm-fngr",
		"Hp-ord",
		"Hp-pizz-bartok",
		"Hn-ord",
		"Hn-slap",
		"Ob-key-cl",
		"TTbn+C-ord",
		"TTbn+H-ord",
		"TTbn+S-ord",
		"TTbn+W-ord-closed",
		"TTbn+W-ord-open",
		"TTbn-ord",
		"TpC+C-ord",
		"TpC+H-ord",
		"TpC+S-ord",
		"TpC+W-ord-closed",
		"TpC+W-ord-open",
		"TpC-ord",
		"TpC-pdl-tone",
		"TpC-slap",
		"Va+S-ord",
		"Va+SP-ord",
		"Va-art-harm",
		"Va-legno-batt",
		"Va-ord",
		"Va-pizz-bartok",
		"Va-pizz-lv",
		"Va-pizz-sec",
		"Va-pont",
		"Vn+S-ord",
		"Vn+SP-ord",
		"Vn-art-harm",
		"Vn-legno-batt",
		"Vn-ord",
		"Vn-pizz-bartok",
		"Vn-pizz-lv",
		"Vn-pizz-sec",
		"Vn-pont",
		"Vc+S-ord",
		"Vc+SP-ord",
		"Vc-art-harm",
		"Vc-legno-batt",
		"Vc-ord",
		"Vc-pizz-bartok",
		"Vc-pizz-lv",
		"Vc-pizz-sec",
		"Vc-pont",
		"ASax-ord",
		"ASax-ord-hi-reg",
		"ASax-slap-unp",
		"BBTb-explo-slap",
		"BBTb-pdl-tone",
		"BBTb-slap",
		"BBTb-slap-unp",
		"Bn-key-cl",
		"Bn-ord",
		"BbCl-key-cl",
		"BbCl-ord-hi-reg",
		"Cb-pizz-bartok",
		"Cb-pizz-lv",
		"Cb-pizz-sec",
		"Cb-pont",
		"Fl-key-cl",
		"Fl-ord",
		"Fl-tng-ram",
		"Gtr-ord",
		"Gtr-pizz-bartok",
		"Ob-blow-no-reed",
		"Ob-ord",
		"Vn-nonvib",
		"Vc-legno-tratto",
		"Vc-nonvib",
		"Vc-tasto"
	],
	"x": [0,0.4413560542,0.07232483447,0.1742671603,0.00912059242,0.07028598795,0.04989752277,0.4658222124,0.5759199243,0.04989752277,0.3190252631,0.9184461393,0.4964049101,0.5657256917,0.5494149196,0.5086379892,1,0.9938834604,0.9877669209,0.9571842231,0.5025214497,0.9245626788,0.9286403719,0.9592230696,0.2823260258,0.04581982974,0.08251906706,0.07028598795,0.04581982974,0.02339251804,0.3822295052,0.1029075322,0.08863560661,0.1171794579,0.2945591049,0.1273736904,0.1110629183,0.2986367979,0.1498010021,0.3434914213,0.05601406233,0.1599952347,0.08659676009,0.2537821745,0.05397521581,0.1865002395,0.3210641096,0.1314513835,0.3965014308,0.1171794579,0.1559175417,0.1783448534,0.2782483328,0.3353360352,0.1661117743,0.3863071982,0.9306792184,0.3496079609,0.3944625843,0.2109663977,0.5371818405,0.3169864166,0.2925202584,0.3679575795,0.137567923,0.03358675063,0.1865002395,0.09475214616,0.5412595335,0.1579563882,0.881746902,0.4128122029,0.1579563882,0.9633007627,0.2130052442,0.2150440907,0.3332971887,0.1599952347],
	"y": [0,0.06062127252,0.8627212716,0.9215550123,0.1312217614,0.08219364414,0.0410100256,0.1233772627,0.3979347196,0.9470496333,1,0.1880943775,0.458729585,0.4351960887,0.3724400986,0.3842068467,0.254772617,0.1802498787,0.2135889985,0.1645608812,0.4214682159,0.2567337417,0.2135889985,0.1998611257,0.9823498778,0.4548073356,0.5293300739,0.4920687048,0.9137105136,0.4999132035,0.1194550133,0.1233772627,0.1625997565,0.4155848418,0.3116452331,0.5391356974,0.4979520788,0.03904890091,0.4940298295,0.04493227499,0.1371051355,0.8686046456,0.4469628369,0.2998784849,0.4097014677,0.4685352085,0.08023251944,0.4626518344,0.0429711503,0.07238802068,0.1116105145,0.5332523233,0.356751101,0.2939951109,0.8195765283,0.8901770172,0.9607775062,0.8607601469,0.8587990222,0.8882158926,0.407740343,0.9568552568,0.2685004899,0.08023251944,0.1586775071,0.1763276294,0.4391183381,0.790159658,0.4430405875,0.9568552568,0.9627386309,0.08415476883,0.4273515899,0.2371224948,0.5018743282,0.5430579468,0.3391009788,0.5685525678],
	"color": [16,15,13,1,6,2,2,11,8,17,12,17,17,8,4,17,8,17,17,17,17,8,8,8,12,7,7,4,13,7,15,18,18,4,3,7,4,15,7,15,18,13,4,16,3,7,11,3,11,16,14,4,3,5,13,9,10,9,9,10,17,12,5,11,6,6,7,13,3,1,10,11,4,8,7,4,16,3]
}
