{
	"names": [
		"Hp-xyl",
		"ASax-key-cl",
		"ASax-slap",
		"Gtr-ord-hi-reg",
		"Gtr-pizz",
		"Hp-harm-fngr",
		"Hp-ord",
		"Hp-pizz-bartok",
		"Hn-ord",
		"Hn-slap",
		"Ob-key-cl",
		"TTbn+C-ord",
		"TTbn+H-ord",
		"TTbn+S-ord",
		"TTbn+W-ord-closed",
		"TTbn+W-ord-open",
		"TTbn-ord",
		"TpC+C-ord",
		"TpC+H-ord",
		"TpC+S-ord",
		"TpC+W-ord-closed",
		"TpC+W-ord-open",
		"TpC-ord",
		"TpC-pdl-tone",
		"TpC-slap",
		"Va+S-ord",
		"Va+SP-ord",
		"Va-art-harm",
		"Va-legno-batt",
		"Va-ord",
		"Va-pizz-bartok",
		"Va-pizz-lv",
		"Va-pizz-sec",
		"Va-pont",
		"Vn+S-ord",
		"Vn+SP-ord",
		"Vn-art-harm",
		"Vn-legno-batt",
		"Vn-ord",
		"Vn-pizz-bartok",
		"Vn-pizz-lv",
		"Vn-pizz-sec",
		"Vn-pont",
		"Vc+S-ord",
		"Vc+SP-ord",
		"Vc-art-harm",
		"Vc-legno-batt",
		"Vc-ord",
		"Vc-pizz-bartok",
		"Vc-pizz-lv",
		"Vc-pizz-sec",
		"Vc-pont",
		"ASax-ord",
		"ASax-ord-hi-reg",
		"ASax-slap-unp",
		"BBTb-explo-slap",
		"BBTb-pdl-tone",
		"BBTb-slap",
		"BBTb-slap-unp",
		"Bn-key-cl",
		"Bn-ord",
		"BbCl-key-cl",
		"BbCl-ord-hi-reg",
		"Cb-pizz-bartok",
		"Cb-pizz-lv",
		"Cb-pizz-sec",
		"Cb-pont",
		"Fl-key-cl",
		"Fl-ord",
		"Fl-tng-ram",
		"Gtr-ord",
		"Gtr-pizz-bartok",
		"Ob-blow-no-reed",
		"Ob-ord",
		"Vn-nonvib",
		"Vc-legno-tratto",
		"Vc-nonvib",
		"Vc-tasto"
	],
	"x": [0.07413509061,0.02471169687,0.04612850082,0.1647446458,0.1301482702,0.7742998353,0.0510708402,0.001647446458,0.7397034596,0.1350906096,0.06425041186,0.8303130148,0.823723229,0.7907742998,0.7298187809,0.7594728171,0.7206502757,0.9143327842,0.8171334432,0.981878089,0.8517298188,0.7775947282,0.8896210873,1,0.0626029654,0.9489291598,0.9011532125,0.902800659,0.01317957166,0.9126853377,0.04118616145,0.1696869852,0.09225700165,0.9143327842,0.9258649094,0.9110378913,0.9802306425,0.1317957166,0.8962108731,0.08731466227,0.1301482702,0.05436573311,0.9044481054,0.9555189456,0.9159802306,0.9439868204,6.06324436e-17,0.8830313015,0.04612850082,0.09555189456,0.08731466227,0.9736408567,0.8731466227,0.863261944,0.1268533773,0.06095551895,0.7710049423,0.09719934102,0.09884678748,0.08566721582,0.9439868204,0.1548599671,0.8995057661,0.04942339374,0.1713344316,0.1202635914,0.9522240527,0.1317957166,0.7907742998,0.2108731466,0.1301482702,0,0.9851729819,0.805601318,0.8764415157,0.9439868204,0.8517298188,0.8714991763],
	"y": [0.08183306056,0.9247135843,0.9558101473,0.09983633388,0.1292962357,0.2553191489,0.03927986907,0.7692307692,0.2062193126,0.5171849427,0.9296235679,0.1751227496,0.06055646481,0.07201309329,0.1374795417,0.07528641571,0.1735808106,0.07201309329,0.2307692308,0.1374795417,0.2553191489,0.1031096563,0.1538461538,0.8199672668,0.504091653,0.3960720131,0.1129296236,0.8674304419,0.6448445172,0.4058919804,0.7577741408,0.1718494272,0.1587561375,0.8314238953,0.4517184943,0.4893617021,0.9181669394,0.8919803601,0.4451718494,0.6890343699,0.1653027823,0.1407528642,0.914893617,0.3404255319,0.3617021277,0.8690671031,0.682487725,0.4009819967,0.7937806874,0.04255319149,0.1260229133,0.8690671031,0.1849427169,0.03436988543,0.977086743,0.4680851064,0.6923076923,0.5253682488,0.4926350245,0.9574468085,0.09492635025,0.04746317512,0.03273322422,0.6873977087,0.1407528642,0.09001636661,0.8281505728,0.9345335516,0.1342062193,0.4615384615,0,0.7217675941,1,0.02618657938,0.7970540098,0.9034369885,0.2242225859,0.4844517185],
	"color": [8,3,3,8,8,9,8,4,9,7,3,9,9,9,9,9,9,9,9,9,9,9,9,1,7,6,9,1,4,6,4,8,8,1,6,6,1,3,6,4,8,8,1,6,6,1,4,6,4,8,8,1,9,9,3,7,5,7,7,3,9,8,9,4,8,8,1,3,9,2,8,4,1,9,1,1,9,6]
}
