{
	"names": [
		"Hp-xyl",
		"ASax-key-cl",
		"ASax-slap",
		"Gtr-ord-hi-reg",
		"Gtr-pizz",
		"Hp-harm-fngr",
		"Hp-ord",
		"Hp-pizz-bartok",
		"Hn-ord",
		"Hn-slap",
		"Ob-key-cl",
		"TTbn+C-ord",
		"TTbn+H-ord",
		"TTbn+S-ord",
		"TTbn+W-ord-closed",
		"TTbn+W-ord-open",
		"TTbn-ord",
		"TpC+C-ord",
		"TpC+H-ord",
		"TpC+S-ord",
		"TpC+W-ord-closed",
		"TpC+W-ord-open",
		"TpC-ord",
		"TpC-pdl-tone",
		"TpC-slap",
		"Va+S-ord",
		"Va+SP-ord",
		"Va-art-harm",
		"Va-legno-batt",
		"Va-ord",
		"Va-pizz-bartok",
		"Va-pizz-lv",
		"Va-pizz-sec",
		"Va-pont",
		"Vn+S-ord",
		"Vn+SP-ord",
		"Vn-art-harm",
		"Vn-legno-batt",
		"Vn-ord",
		"Vn-pizz-bartok",
		"Vn-pizz-lv",
		"Vn-pizz-sec",
		"Vn-pont",
		"Vc+S-ord",
		"Vc+SP-ord",
		"Vc-art-harm",
		"Vc-legno-batt",
		"Vc-ord",
		"Vc-pizz-bartok",
		"Vc-pizz-lv",
		"Vc-pizz-sec",
		"Vc-pont",
		"ASax-ord",
		"ASax-ord-hi-reg",
		"ASax-slap-unp",
		"BBTb-explo-slap",
		"BBTb-pdl-tone",
		"BBTb-slap",
		"BBTb-slap-unp",
		"Bn-key-cl",
		"Bn-ord",
		"BbCl-key-cl",
		"BbCl-ord-hi-reg",
		"Cb-pizz-bartok",
		"Cb-pizz-lv",
		"Cb-pizz-sec",
		"Cb-pont",
		"Fl-key-cl",
		"Fl-ord",
		"Fl-tng-ram",
		"Gtr-ord",
		"Gtr-pizz-bartok",
		"Ob-blow-no-reed",
		"Ob-ord",
		"Vn-nonvib",
		"Vc-legno-tratto",
		"Vc-nonvib",
		"Vc-tasto"
	],
	"x": [0.2023809524,0.01388888889,0,0.2410714286,0.5882936508,0.626984127,0.5476190476,0.5277777778,0.5932539683,0.2212301587,0.006944444444,0.6329365079,0.6329365079,0.6507936508,0.996031746,0.6726190476,0.6736111111,0.6349206349,0.6359126984,0.685515873,0.6299603175,0.5982142857,0.5922619048,0.6359126984,0.08630952381,0.4424603175,0.3759920635,0.3859126984,0.6726190476,0.3948412698,0.568452381,0.5922619048,0.6279761905,0.433531746,0.4126984127,0.4325396825,0.3948412698,0.6071428571,0.4206349206,0.5535714286,0.5922619048,0.6140873016,0.3591269841,0.4821428571,0.3402777778,0.4662698413,0.5674603175,0.4742063492,0.6646825397,0.6448412698,0.6825396825,0.4543650794,0.6875,0.6527777778,0.05158730159,0.8680555556,0.6160714286,0.8340463617,0.8938492063,0.05257936508,1,0.2609126984,0.503968254,0.6686507937,0.5882936508,0.5654761905,0.3551587302,0.2807539683,0.683531746,0.06150793651,0.6299603175,0.6527777778,0.5942460317,0.6507936508,0.501984127,0.6319444444,0.3541666667,0.4136904762],
	"y": [0,0.2837958818,0.230080573,4.524879427e-17,0.08415398389,0.08325872874,0.1459265891,0.1772605192,0.8576544315,0.03312444047,0.1933751119,0.8370635631,0.7994628469,0.7358997314,0.139659803,0.8621307073,0.8209489705,0.8755595345,0.9113697404,0.7564905998,0.7367949866,0.9292748433,0.818263205,0.9489704566,0.2569382274,0.3769024172,0.4252461952,0.4646374217,0.08594449418,0.5022381379,0.1128021486,0.09847806625,0.09847806625,0.4771709937,0.5541629364,0.5165622202,0.3670546106,0.1316025067,0.4404655327,0.2050134288,0.2112802149,0.2032229185,0.3921217547,0.3894359893,0.4529991047,0.4494180842,0.175470009,0.4879140555,0.1038495971,0.1307072516,0.1324977619,0.4145031334,0.9435989257,1,0.2721575649,0.5470008953,0.9811996419,0.5653698291,0.5792300806,0.2327663384,0.1683079678,0.03312444047,0.4565801253,0.1674127126,0.163831692,0.1289167413,0.4897045658,0.002685765443,0.9829901522,0.1960608774,0.1656222023,0.1969561325,0.7582811101,0.7761862131,0.4171888988,0.7717099373,0.4377797672,0.400179051],
	"color": [6,5,5,6,3,3,3,3,7,6,5,7,7,7,2,7,7,7,7,7,7,7,7,7,5,4,4,4,3,4,3,3,3,4,4,4,4,3,4,3,3,3,4,4,4,4,3,4,3,3,3,4,7,7,5,1,7,1,1,5,2,6,4,3,3,3,4,6,7,5,3,3,7,7,4,7,4,4]
}
