{
	"names": [
		"Hp-xyl",
		"ASax-key-cl",
		"ASax-slap",
		"Gtr-ord-hi-reg",
		"Gtr-pizz",
		"Hp-harm-fngr",
		"Hp-ord",
		"Hp-pizz-bartok",
		"Hn-ord",
		"Hn-slap",
		"Ob-key-cl",
		"TTbn+C-ord",
		"TTbn+H-ord",
		"TTbn+S-ord",
		"TTbn+W-ord-closed",
		"TTbn+W-ord-open",
		"TTbn-ord",
		"TpC+C-ord",
		"TpC+H-ord",
		"TpC+S-ord",
		"TpC+W-ord-closed",
		"TpC+W-ord-open",
		"TpC-ord",
		"TpC-pdl-tone",
		"TpC-slap",
		"Va+S-ord",
		"Va+SP-ord",
		"Va-art-harm",
		"Va-legno-batt",
		"Va-ord",
		"Va-pizz-bartok",
		"Va-pizz-lv",
		"Va-pizz-sec",
		"Va-pont",
		"Vn+S-ord",
		"Vn+SP-ord",
		"Vn-art-harm",
		"Vn-legno-batt",
		"Vn-ord",
		"Vn-pizz-bartok",
		"Vn-pizz-lv",
		"Vn-pizz-sec",
		"Vn-pont",
		"Vc+S-ord",
		"Vc+SP-ord",
		"Vc-art-harm",
		"Vc-legno-batt",
		"Vc-ord",
		"Vc-pizz-bartok",
		"Vc-pizz-lv",
		"Vc-pizz-sec",
		"Vc-pont",
		"ASax-ord",
		"ASax-ord-hi-reg",
		"ASax-slap-unp",
		"BBTb-explo-slap",
		"BBTb-pdl-tone",
		"BBTb-slap",
		"BBTb-slap-unp",
		"Bn-key-cl",
		"Bn-ord",
		"BbCl-key-cl",
		"BbCl-ord-hi-reg",
		"Cb-pizz-bartok",
		"Cb-pizz-lv",
		"Cb-pizz-sec",
		"Cb-pont",
		"Fl-key-cl",
		"Fl-ord",
		"Fl-tng-ram",
		"Gtr-ord",
		"Gtr-pizz-bartok",
		"Ob-blow-no-reed",
		"Ob-ord",
		"Vn-nonvib",
		"Vc-legno-tratto",
		"Vc-nonvib",
		"Vc-tasto"
	],
	"x": [0.04401408451,0.3485915493,0.5915492958,0,0.9507042254,0.8961267606,0.3116197183,0.07922535211,0,0.1830985915,0.1285211268,0.2007042254,0,0,0.04753521127,0,0.1602112676,0.2887323944,0,0,0,0.2746478873,0.2904929577,0.2992957746,0.4542253521,0,0.04401408451,0.1056338028,0,0.1813380282,0,0.786971831,0.6707746479,0.2271126761,0.04753521127,0.2218309859,0.1443661972,0.5457746479,0.1144366197,0,0.7200704225,0,0.3538732394,0,0.125,0.1531690141,0.03873239437,0.2992957746,0.1408450704,0.2077464789,0.07922535211,0.2746478873,0.003521126761,0.8292253521,0.2922535211,0.2394366197,0,0.07218309859,0.5,0,0.2394366197,0.1355633803,0.823943662,0.07570422535,0.06866197183,0,0.1883802817,0.4014084507,0.04401408451,0.03873239437,1,0,0.3908450704,0,0,0.3169014085,0.2588028169,0.08450704225],
	"y": [0.7556561086,1,1,0.6365007541,1,1,0,0.7254901961,0.419306184,1,1,0.02714932127,0.3861236802,0.3046757164,0.173453997,0.1266968326,0.02564102564,0.05580693816,0.1960784314,0.2609351433,0.1644042232,0.02714932127,0.1583710407,0.125188537,1,0.2262443439,0.03167420814,0.2277526395,0.850678733,0.2428355958,0.6832579186,0.9984917044,1,0.2473604827,0.2202111614,0.1719457014,0.2368024133,1,0.185520362,0.7918552036,1,0.9532428356,0.2443438914,0.03318250377,0.02714932127,0.1840120664,0.8763197587,0.09200603318,0.7978883861,0.9140271493,0.9547511312,0.2518853695,0.3438914027,0.5972850679,1,1,0.4585218703,1,1,1,0.02714932127,0.9110105581,0.5535444947,0.7948717949,0.9095022624,0.9079939668,0.1764705882,1,0,0.9743589744,1,0.7330316742,0.2322775264,0.07390648567,0,0.2488687783,0.1689291101,0.02865761689],
	"color": [1,1,1,1,2,2,2,1,4,1,1,3,4,4,4,4,3,3,4,4,4,3,3,3,1,4,4,3,1,3,1,2,1,3,4,3,3,1,3,1,2,1,6,4,3,3,1,3,1,1,1,6,4,5,1,1,4,1,1,1,3,1,5,1,1,1,3,1,4,1,2,1,6,4,4,6,3,3]
}
