{
	"names": [
		"Hp-xyl",
		"ASax-key-cl",
		"ASax-slap",
		"Gtr-ord-hi-reg",
		"Gtr-pizz",
		"Hp-harm-fngr",
		"Hp-ord",
		"Hp-pizz-bartok",
		"Hn-ord",
		"Hn-slap",
		"Ob-key-cl",
		"TTbn+C-ord",
		"TTbn+H-ord",
		"TTbn+S-ord",
		"TTbn+W-ord-closed",
		"TTbn+W-ord-open",
		"TTbn-ord",
		"TpC+C-ord",
		"TpC+H-ord",
		"TpC+S-ord",
		"TpC+W-ord-closed",
		"TpC+W-ord-open",
		"TpC-ord",
		"TpC-pdl-tone",
		"TpC-slap",
		"Va+S-ord",
		"Va+SP-ord",
		"Va-art-harm",
		"Va-legno-batt",
		"Va-ord",
		"Va-pizz-bartok",
		"Va-pizz-lv",
		"Va-pizz-sec",
		"Va-pont",
		"Vn+S-ord",
		"Vn+SP-ord",
		"Vn-art-harm",
		"Vn-legno-batt",
		"Vn-ord",
		"Vn-pizz-bartok",
		"Vn-pizz-lv",
		"Vn-pizz-sec",
		"Vn-pont",
		"Vc+S-ord",
		"Vc+SP-ord",
		"Vc-art-harm",
		"Vc-legno-batt",
		"Vc-ord",
		"Vc-pizz-bartok",
		"Vc-pizz-lv",
		"Vc-pizz-sec",
		"Vc-pont",
		"ASax-ord",
		"ASax-ord-hi-reg",
		"ASax-slap-unp",
		"BBTb-explo-slap",
		"BBTb-pdl-tone",
		"BBTb-slap",
		"BBTb-slap-unp",
		"Bn-key-cl",
		"Bn-ord",
		"BbCl-key-cl",
		"BbCl-ord-hi-reg",
		"Cb-pizz-bartok",
		"Cb-pizz-lv",
		"Cb-pizz-sec",
		"Cb-pont",
		"Fl-key-cl",
		"Fl-ord",
		"Fl-tng-ram",
		"Gtr-ord",
		"Gtr-pizz-bartok",
		"Ob-blow-no-reed",
		"Ob-ord",
		"Vn-nonvib",
		"Vc-legno-tratto",
		"Vc-nonvib",
		"Vc-tasto"
	],
	"x": [0,0.004855242464,0.1143008981,0.212599311,0.1487560119,0.1811843543,0.07173869867,0.2338804107,0.8966346586,0.2642819817,0.1578764832,0.858126002,0.6301142194,0.8865008016,0.9260228439,0.8327913595,0.8317779738,0.8550858449,0.787189003,1,0.5905921771,0.7922559315,0.8408984451,0.8976480443,0.03829697057,0.4933071499,0.6118732768,0.526748878,0.05045759897,0.5125614782,0.2359071821,0.3169780381,0.3230583523,0.6027528055,0.6341677623,0.5186417924,0.4446646363,0.2146260824,0.5135748639,0.1913182113,0.2754292244,0.1031536554,0.8135370312,0.4223701509,0.4649323503,0.5753913916,0.2744158387,0.4081827511,0.2967103241,0.3260985094,0.2865764671,0.5085079354,0.5145882496,0.6037661912,0.03931035627,0.1325418407,0.3058307954,0.1538229404,0.07984578427,0.0008016996636,0.5622173775,0.293670167,0.9888527573,0.2095591539,0.09605995548,0.1132875124,0.4629055789,0.2115859253,0.6260606766,0.1244347551,0.121394598,0.2480678105,0.9837858288,0.8844740302,0.6635559476,0.7132118469,0.777055146,0.4710126645],
	"y": [0,0.3413592713,0.3475243951,0.3886252206,0.2807355537,0.06290117847,0.07523142613,0.3351941474,0.2663502647,0.7626427327,0.5191203416,0.1183872929,0.1964788614,0.3095061315,0.2190843154,0.2139467122,0.2951208426,0.05057093082,0.0855066325,0.3536895189,0.2745704298,0.1933962995,0.3804050555,0.4132857159,0.3783500142,0.2940933219,0.6753034785,0.4841846399,0.5684413322,0.4225334016,0.1029744833,0.2468273726,0.2591576203,0.4862396812,0.7266795104,0.6598906689,0.5889917449,0.4831571193,0.373212411,0.163598201,0.5530285226,0.6218724053,0.8746424822,0.2992309251,0.3516344777,0.6485879419,0.06701126102,0.3577996015,0.1132496897,0.245799852,0.2817630743,0.5900192656,0.1245524167,0.1512679533,0.4143132365,0.8787525648,0.9013580188,0.8222389297,0.8294315742,0.2714878679,0.2077815884,0.4122581953,0.6321476117,0.2653227441,0.03515812126,0.007415064041,0.4893222431,0.6198173641,0.3660197666,0.4122581953,0.1307175406,0.1718183661,1,0.1769559693,0.6372852149,0.8068261201,0.5448083575,0.6886612468],
	"color": [8,6,6,6,11,12,8,11,10,5,6,10,9,10,10,10,10,10,10,10,9,10,10,10,6,3,4,4,6,3,11,11,11,4,4,4,4,6,3,11,2,6,7,3,3,4,11,3,11,11,11,4,9,9,6,5,5,5,5,6,9,6,13,11,8,8,4,6,1,6,12,11,7,10,4,4,4,4]
}
