{
	"names": [
		"Hp-xyl",
		"ASax-key-cl",
		"ASax-slap",
		"Gtr-ord-hi-reg",
		"Gtr-pizz",
		"Hp-harm-fngr",
		"Hp-ord",
		"Hp-pizz-bartok",
		"Hn-ord",
		"Hn-slap",
		"Ob-key-cl",
		"TTbn+C-ord",
		"TTbn+H-ord",
		"TTbn+S-ord",
		"TTbn+W-ord-closed",
		"TTbn+W-ord-open",
		"TTbn-ord",
		"TpC+C-ord",
		"TpC+H-ord",
		"TpC+S-ord",
		"TpC+W-ord-closed",
		"TpC+W-ord-open",
		"TpC-ord",
		"TpC-pdl-tone",
		"TpC-slap",
		"Va+S-ord",
		"Va+SP-ord",
		"Va-art-harm",
		"Va-legno-batt",
		"Va-ord",
		"Va-pizz-bartok",
		"Va-pizz-lv",
		"Va-pizz-sec",
		"Va-pont",
		"Vn+S-ord",
		"Vn+SP-ord",
		"Vn-art-harm",
		"Vn-legno-batt",
		"Vn-ord",
		"Vn-pizz-bartok",
		"Vn-pizz-lv",
		"Vn-pizz-sec",
		"Vn-pont",
		"Vc+S-ord",
		"Vc+SP-ord",
		"Vc-art-harm",
		"Vc-legno-batt",
		"Vc-ord",
		"Vc-pizz-bartok",
		"Vc-pizz-lv",
		"Vc-pizz-sec",
		"Vc-pont",
		"ASax-ord",
		"ASax-ord-hi-reg",
		"ASax-slap-unp",
		"BBTb-explo-slap",
		"BBTb-pdl-tone",
		"BBTb-slap",
		"BBTb-slap-unp",
		"Bn-key-cl",
		"Bn-ord",
		"BbCl-key-cl",
		"BbCl-ord-hi-reg",
		"Cb-pizz-bartok",
		"Cb-pizz-lv",
		"Cb-pizz-sec",
		"Cb-pont",
		"Fl-key-cl",
		"Fl-ord",
		"Fl-tng-ram",
		"Gtr-ord",
		"Gtr-pizz-bartok",
		"Ob-blow-no-reed",
		"Ob-ord",
		"Vn-nonvib",
		"Vc-legno-tratto",
		"Vc-nonvib",
		"Vc-tasto"
	],
	"x": [0.470597025,0.4642693326,0.4063244594,0.0003924657937,0,0.1881360128,0.2287292122,0.2710137949,0.0020838491,0.3724967932,0.3911020096,0.2270378289,0.3251380607,0.05113396499,0.04436843177,0.05959088153,0.003775232407,0.238877512,0.3454346603,0.2591741117,0.1018754642,0.09003578104,0.01899768217,0.2811620947,0.4029416928,0.2794707114,0.3055089949,0.3149897608,0.5179557576,0.2016670793,0.5162643743,0.6143646061,0.6109818395,0.2304205955,0.3132983775,0.2507171952,0.5957593897,0.4300038257,0.2794707114,0.5653144902,0.5856110899,0.5382523573,1,0.2287292122,0.3640398767,0.2202722957,0.5720800234,0.3809537098,0.4722884083,0.6532664221,0.6126732228,0.279991733,0.3589657268,0.6295870559,0.4604487252,0.6769457884,0.7239731021,0.7310700542,0.7103224292,0.6989337714,0.813732467,0.5534748071,0.6059076896,0.8257600715,0.5720800234,0.5196471409,0.877034301,0.4300038257,0.3555829602,0.9526412674,0.2794707114,0.7885770867,0.9932344668,0.1086409974,0.3572743435,0.321755294,0.3589657268,0.3454346603],
	"y": [0.2060375777,0.2564592337,0.7619888935,0.7229124432,0.7487146002,0.09768923818,0.08703202446,0.2610998486,0.4103008407,0.7637650958,0.7300172524,0.5150967756,0.2735332646,0.3268193332,0.387210211,0.4458248864,0.4777965276,0.5701590465,1,0.3019525012,0.3605671767,0.4067484361,0.5257539894,0.5683828442,0.6802835883,0.4014198293,0.3241802082,0.3907626155,0.3658957835,0.5968020808,0.2468902303,0.2984000966,0.3516861652,0.3960912224,0.4973347528,0.6429833403,0.8525752102,0.7246886455,0.362343379,0.3126097149,0.424510459,0.436943875,0.6802835883,0.3410289515,0.3108335126,0.4316152681,0.3783291995,0.9715807634,0.7388982638,0.2166947914,0.2522188372,0.4591365923,0.9467139314,0.8507990079,0.6873883975,0.7140314318,0.3850522774,0.653640554,0.6866102785,0.6802835883,0.02016107359,0.2522188372,0.8987564696,0.5146972565,0.4724679207,0.3161621195,0,0.6429833403,0.4760203253,0.5257539894,0.0674937993,0.5239777871,0.7193600386,0.3001762989,0.2522188372,0.5399636077,0.3658957835,0.4316152681],
	"color": [6,6,1,4,4,12,12,11,14,1,1,11,11,14,14,14,14,11,8,11,14,14,14,11,1,11,11,11,6,11,6,6,6,11,11,11,13,1,11,6,6,6,5,11,11,11,6,8,1,6,6,11,8,13,1,3,2,3,3,3,10,6,13,7,6,6,10,1,11,9,12,7,5,14,11,11,11,11]
}
