{
	"names": [
		"Hp-xyl",
		"ASax-key-cl",
		"ASax-slap",
		"Gtr-ord-hi-reg",
		"Gtr-pizz",
		"Hp-harm-fngr",
		"Hp-ord",
		"Hp-pizz-bartok",
		"Hn-ord",
		"Hn-slap",
		"Ob-key-cl",
		"TTbn+C-ord",
		"TTbn+H-ord",
		"TTbn+S-ord",
		"TTbn+W-ord-closed",
		"TTbn+W-ord-open",
		"TTbn-ord",
		"TpC+C-ord",
		"TpC+H-ord",
		"TpC+S-ord",
		"TpC+W-ord-closed",
		"TpC+W-ord-open",
		"TpC-ord",
		"TpC-pdl-tone",
		"TpC-slap",
		"Va+S-ord",
		"Va+SP-ord",
		"Va-art-harm",
		"Va-legno-batt",
		"Va-ord",
		"Va-pizz-bartok",
		"Va-pizz-lv",
		"Va-pizz-sec",
		"Va-pont",
		"Vn+S-ord",
		"Vn+SP-ord",
		"Vn-art-harm",
		"Vn-legno-batt",
		"Vn-ord",
		"Vn-pizz-bartok",
		"Vn-pizz-lv",
		"Vn-pizz-sec",
		"Vn-pont",
		"Vc+S-ord",
		"Vc+SP-ord",
		"Vc-art-harm",
		"Vc-legno-batt",
		"Vc-ord",
		"Vc-pizz-bartok",
		"Vc-pizz-lv",
		"Vc-pizz-sec",
		"Vc-pont",
		"ASax-ord",
		"ASax-ord-hi-reg",
		"ASax-slap-unp",
		"BBTb-explo-slap",
		"BBTb-pdl-tone",
		"BBTb-slap",
		"BBTb-slap-unp",
		"Bn-key-cl",
		"Bn-ord",
		"BbCl-key-cl",
		"BbCl-ord-hi-reg",
		"Cb-pizz-bartok",
		"Cb-pizz-lv",
		"Cb-pizz-sec",
		"Cb-pont",
		"Fl-key-cl",
		"Fl-ord",
		"Fl-tng-ram",
		"Gtr-ord",
		"Gtr-pizz-bartok",
		"Ob-blow-no-reed",
		"Ob-ord",
		"Vn-nonvib",
		"Vc-legno-tratto",
		"Vc-nonvib",
		"Vc-tasto"
	],
	"x": [0.01284109149,0.01605136437,0.05136436597,0.03210272873,0.003210272873,0.2118780096,0.2118780096,0.01284109149,0.9341894061,0.06741573034,0.04173354735,0.9759229535,0.8908507223,0.8844301766,0.9293739968,0.9245585875,0.9550561798,0.9727126806,0.8683788122,0.9277688604,0.8892455859,0.9020866774,0.8575537063,0.9775280899,0.02086677368,0.6934189406,0.735152488,0.7014446228,0.04012841091,0.9165329053,0.00963081862,0.2102728732,0.01605136437,0.7608346709,0.808988764,0.9454253612,0.7704654896,0.08507223114,0.7062600321,0.03210272873,0.0481540931,0.0834670947,0.7672552167,0.7897271268,0.7849117175,0.7126805778,0.04173354735,0.9390048154,0.1011235955,0.006420545746,0.1380417335,0.8105939005,0.8908507223,0.7993579454,0,0.08186195827,1,0.07223113965,0.1268057785,0.2166934189,0.7335473515,0.03852327448,0.8378812199,0.08186195827,0.00963081862,0.06741573034,0.86035313,0.03691813804,0.8747993579,0.1637239165,0.2712680578,0.2471910112,0.1348314607,0.8330658106,0.9133226324,0.1781701445,0.9855537721,0.9903691814],
	"y": [0.004746835443,0.457278481,0.3765822785,0.8860759494,0.2768987342,0.09335443038,0.01582278481,0.09018987342,0.06329113924,0.4098101266,0.9351265823,0.01740506329,0.03481012658,0.07753164557,0.1566455696,0.1930379747,0.2183544304,0.05537974684,0,0.001582278481,0.1946202532,0.2357594937,0.2624212083,0.1772151899,0.3971518987,0.7231012658,0.7262658228,0.75,0.207278481,0.8164556962,0.1708860759,0.05696202532,0.04588607595,0.8022151899,0.792721519,0.8006329114,0.7705696203,0.4509493671,0.7848101266,0.25,0.01582278481,0.164556962,0.7088607595,0.8275316456,0.7310126582,0.8117088608,0.1724683544,0.7373417722,0.4161392405,0.2183544304,0.4098101266,0.7563291139,0.7199367089,0.2183544304,0.3243670886,0.9636075949,0.1392405063,0.335443038,1,0.9873417722,0.7626582278,0.292721519,0.8417721519,0.2262658228,0.1297468354,0.2642405063,0.7626582278,0.3465189873,0.8101265823,0.9303797468,0.01582278481,0.04905063291,0.9651898734,0.7310126582,0.7705696203,0.9746835443,0.7721518987,0.8227848101],
	"color": [2,2,2,1,2,3,3,2,5,2,1,5,5,5,5,5,5,5,5,5,5,5,5,5,2,4,4,4,2,4,2,3,2,4,4,4,4,2,4,2,2,2,4,4,4,4,2,4,2,2,2,4,4,5,2,1,5,2,1,1,4,2,4,2,2,2,4,2,4,1,3,3,1,4,4,1,4,4]
}
