{
	"names": [
		"Hp-xyl",
		"ASax-key-cl",
		"ASax-slap",
		"Gtr-ord-hi-reg",
		"Gtr-pizz",
		"Hp-harm-fngr",
		"Hp-ord",
		"Hp-pizz-bartok",
		"Hn-ord",
		"Hn-slap",
		"Ob-key-cl",
		"TTbn+C-ord",
		"TTbn+H-ord",
		"TTbn+S-ord",
		"TTbn+W-ord-closed",
		"TTbn+W-ord-open",
		"TTbn-ord",
		"TpC+C-ord",
		"TpC+H-ord",
		"TpC+S-ord",
		"TpC+W-ord-closed",
		"TpC+W-ord-open",
		"TpC-ord",
		"TpC-pdl-tone",
		"TpC-slap",
		"Va+S-ord",
		"Va+SP-ord",
		"Va-art-harm",
		"Va-legno-batt",
		"Va-ord",
		"Va-pizz-bartok",
		"Va-pizz-lv",
		"Va-pizz-sec",
		"Va-pont",
		"Vn+S-ord",
		"Vn+SP-ord",
		"Vn-art-harm",
		"Vn-legno-batt",
		"Vn-ord",
		"Vn-pizz-bartok",
		"Vn-pizz-lv",
		"Vn-pizz-sec",
		"Vn-pont",
		"Vc+S-ord",
		"Vc+SP-ord",
		"Vc-art-harm",
		"Vc-legno-batt",
		"Vc-ord",
		"Vc-pizz-bartok",
		"Vc-pizz-lv",
		"Vc-pizz-sec",
		"Vc-pont",
		"ASax-ord",
		"ASax-ord-hi-reg",
		"ASax-slap-unp",
		"BBTb-explo-slap",
		"BBTb-pdl-tone",
		"BBTb-slap",
		"BBTb-slap-unp",
		"Bn-key-cl",
		"Bn-ord",
		"BbCl-key-cl",
		"BbCl-ord-hi-reg",
		"Cb-pizz-bartok",
		"Cb-pizz-lv",
		"Cb-pizz-sec",
		"Cb-pont",
		"Fl-key-cl",
		"Fl-ord",
		"Fl-tng-ram",
		"Gtr-ord",
		"Gtr-pizz-bartok",
		"Ob-blow-no-reed",
		"Ob-ord",
		"Vn-nonvib",
		"Vc-legno-tratto",
		"Vc-nonvib",
		"Vc-tasto"
	],
	"x": [0.1932692308,0.3932982583,0.3807692308,0.1961538462,0.1932692308,0.1932692308,0.1961538462,0.06826923077,0.6326923077,0.3317307692,0.3519230769,0.6038461538,0.5875,0.6173076923,0.5990384615,0.6875,0.6278846154,0.6173076923,0.5807692308,0.7019230769,0.7365384615,0.5615384615,0.7394230769,0.6336538462,0.4211538462,0.8259615385,0.8461538462,0.8432692308,0.1951923077,0.775,0.07115384615,0.1798076923,0.3929465957,0.8240384615,0.7346153846,0.7076923077,0.7788461538,0.4288933237,0.9596153846,0.07019230769,0.1288461538,0.3557692308,0.8567307692,0.9201923077,0.9951923077,0.8701923077,0.1298076923,0.9586538462,0.06346153846,0.1884615385,0.4221153846,0.7923076923,0.6673076923,0.7971153846,0.4278846154,0.3836538462,0.5971153846,0.3807692308,0.3817307692,0.3509615385,0.6432692308,0.1326923077,0.7980769231,0.06730769231,0.1932692308,0.3653846154,0.8144230769,0.3615384615,0.7759615385,0.06923076923,0.125,0.06923076923,0,0.7317307692,0.8125,0.8980769231,1,0.8788461538],
	"y": [0.346473029,0.3489313395,0.4398340249,0.8506224066,0.6867219917,0.77593361,0.5892116183,0.5331950207,0.8651452282,0.6369294606,0.5705394191,0.3132780083,0.387966805,0.7821576763,0.8713692946,0.3049792531,0.3755186722,0.002074688797,0,0.08091286307,0.3340248963,0.3215767635,0.1887966805,0.9439834025,0.234439834,0.0643153527,0.1784232365,0.4937759336,0.4149377593,0.0601659751,0.6742738589,0.1970954357,0.5218875381,0.4253112033,0.07468879668,0.2012448133,0.5373443983,0.3386909888,0.1659751037,0.6078838174,0.27593361,0.3091286307,0.367219917,0.1742738589,0.1721991701,0.4273858921,0.3609958506,0.2614107884,0.1950207469,0.2676348548,0.479253112,0.4647302905,0.1950207469,1,0.3236514523,0.2634854772,0.9502074689,0.5269709544,0.6099585062,0.3900414938,0.3091286307,0.4564315353,0.9190871369,0.4439834025,0.5020746888,0.6867219917,0.5414937759,0.1887966805,0.1825726141,0.356846473,0.1929460581,0.27593361,0.1784232365,0.4128630705,0.1867219917,0.3651452282,0.2676348548,0.1742738589],
	"color": [5,4,4,5,5,5,5,10,2,4,4,6,6,2,2,6,6,11,11,12,3,6,8,2,4,12,8,7,5,12,10,5,4,7,12,8,7,4,13,10,9,4,7,13,13,7,9,13,10,5,4,7,8,1,4,4,2,4,4,4,6,9,1,10,5,4,7,4,8,10,9,10,3,3,8,7,13,8]
}
