{
	"names": [
		"Hp-xyl",
		"ASax-key-cl",
		"ASax-slap",
		"Gtr-ord-hi-reg",
		"Gtr-pizz",
		"Hp-harm-fngr",
		"Hp-ord",
		"Hp-pizz-bartok",
		"Hn-ord",
		"Hn-slap",
		"Ob-key-cl",
		"TTbn+C-ord",
		"TTbn+H-ord",
		"TTbn+S-ord",
		"TTbn+W-ord-closed",
		"TTbn+W-ord-open",
		"TTbn-ord",
		"TpC+C-ord",
		"TpC+H-ord",
		"TpC+S-ord",
		"TpC+W-ord-closed",
		"TpC+W-ord-open",
		"TpC-ord",
		"TpC-pdl-tone",
		"TpC-slap",
		"Va+S-ord",
		"Va+SP-ord",
		"Va-art-harm",
		"Va-legno-batt",
		"Va-ord",
		"Va-pizz-bartok",
		"Va-pizz-lv",
		"Va-pizz-sec",
		"Va-pont",
		"Vn+S-ord",
		"Vn+SP-ord",
		"Vn-art-harm",
		"Vn-legno-batt",
		"Vn-ord",
		"Vn-pizz-bartok",
		"Vn-pizz-lv",
		"Vn-pizz-sec",
		"Vn-pont",
		"Vc+S-ord",
		"Vc+SP-ord",
		"Vc-art-harm",
		"Vc-legno-batt",
		"Vc-ord",
		"Vc-pizz-bartok",
		"Vc-pizz-lv",
		"Vc-pizz-sec",
		"Vc-pont",
		"ASax-ord",
		"ASax-ord-hi-reg",
		"ASax-slap-unp",
		"BBTb-explo-slap",
		"BBTb-pdl-tone",
		"BBTb-slap",
		"BBTb-slap-unp",
		"Bn-key-cl",
		"Bn-ord",
		"BbCl-key-cl",
		"BbCl-ord-hi-reg",
		"Cb-pizz-bartok",
		"Cb-pizz-lv",
		"Cb-pizz-sec",
		"Cb-pont",
		"Fl-key-cl",
		"Fl-ord",
		"Fl-tng-ram",
		"Gtr-ord",
		"Gtr-pizz-bartok",
		"Ob-blow-no-reed",
		"Ob-ord",
		"Vn-nonvib",
		"Vc-legno-tratto",
		"Vc-nonvib",
		"Vc-tasto"
	],
	"x": [0.007590132827,0.03795066414,0.4041745731,0.08728652751,0.1252371917,0.04933586338,0.007590132827,0,0.04174573055,0.9259962049,0.3320683112,0.07779886148,0.03795066414,0.03984819734,0.07590132827,0.07779886148,0.07969639469,0.08159392789,0.3149905123,0.2808349146,0.2827324478,0.07969639469,0.03984819734,0.9639468691,0.3700189753,0.07779886148,0.55028463,0.7001897533,0.3681214421,0.3510436433,0.07590132827,0.04743833017,0.04554079696,0.5920303605,0.04174573055,0.3889943074,0.5939278937,0.3320683112,0.5844402277,0.4041745731,0.1271347249,0.1138519924,0.6280834915,0.3491461101,0.3130929791,0.6299810247,0.4022770398,0.5882352941,0.330170778,0.007590132827,0.08728652751,0.04174573055,0.320683112,0.9677419355,0.001897533207,0.9240986717,0.9620493359,1,0.9240986717,0.3263757116,0.03984819734,0.07590132827,0.9174788404,0.110056926,0.1271347249,0.4079696395,0.3889943074,0.03795066414,0.5540796964,0.3662239089,0.08728652751,0.3681214421,0.6641366224,0.2808349146,0.6185958254,1,0.6660341556,0.04364326376],
	"y": [0.01432664756,0.3065902579,0.005730659026,0.01719197708,0.01719197708,0.01432664756,0.07163323782,0.3065902579,0.6389684814,0.2550143266,0.1146131805,0.8595988539,0.7020057307,0.5730659026,0.6189111748,0.5616045845,0.8022922636,0.9312320917,0.4441260745,0.446991404,0.4985673352,0.7449856734,0.8223495702,0.2550143266,0,0.6819484241,0.2435530086,0.02005730659,0.06017191977,0.441260745,0.3065902579,0.07449856734,0.1375358166,0.06876790831,0.9426934097,0.4441260745,0.01719197708,0.05730659026,0.2435530086,0.0659025788,0.1346704871,0.3667621777,0.01719197708,0.3896848138,0.3896848138,0.06876790831,0.11747851,0.2979942693,0.005730659026,0.1375358166,0.1346704871,0.88252149,0.5014326648,0.6074498567,0.3638968481,0.2005730659,0.1977077364,0.1948424069,0.3123209169,0.1776504298,0.7593123209,0.3610315186,0.5852447189,0.3037249284,0.07449856734,0.1747851003,0.3896848138,0.3638968481,0.3037249284,0.11747851,0.07736389685,0.1776504298,0.01432664756,0.3896848138,0.2406876791,0.2578796562,0.06876790831,1],
	"color": [3,1,1,3,3,3,3,1,2,4,1,2,2,2,2,2,2,2,2,2,2,2,2,4,1,2,2,2,1,2,1,3,3,2,2,2,2,1,2,1,3,1,2,2,2,2,1,2,1,3,3,2,2,5,1,4,4,4,4,1,2,1,5,1,3,1,2,1,2,1,3,1,2,2,2,4,2,2]
}
