{
	"names": [
		"Hp-xyl",
		"ASax-key-cl",
		"ASax-slap",
		"Gtr-ord-hi-reg",
		"Gtr-pizz",
		"Hp-harm-fngr",
		"Hp-ord",
		"Hp-pizz-bartok",
		"Hn-ord",
		"Hn-slap",
		"Ob-key-cl",
		"TTbn+C-ord",
		"TTbn+H-ord",
		"TTbn+S-ord",
		"TTbn+W-ord-closed",
		"TTbn+W-ord-open",
		"TTbn-ord",
		"TpC+C-ord",
		"TpC+H-ord",
		"TpC+S-ord",
		"TpC+W-ord-closed",
		"TpC+W-ord-open",
		"TpC-ord",
		"TpC-pdl-tone",
		"TpC-slap",
		"Va+S-ord",
		"Va+SP-ord",
		"Va-art-harm",
		"Va-legno-batt",
		"Va-ord",
		"Va-pizz-bartok",
		"Va-pizz-lv",
		"Va-pizz-sec",
		"Va-pont",
		"Vn+S-ord",
		"Vn+SP-ord",
		"Vn-art-harm",
		"Vn-legno-batt",
		"Vn-ord",
		"Vn-pizz-bartok",
		"Vn-pizz-lv",
		"Vn-pizz-sec",
		"Vn-pont",
		"Vc+S-ord",
		"Vc+SP-ord",
		"Vc-art-harm",
		"Vc-legno-batt",
		"Vc-ord",
		"Vc-pizz-bartok",
		"Vc-pizz-lv",
		"Vc-pizz-sec",
		"Vc-pont",
		"ASax-ord",
		"ASax-ord-hi-reg",
		"ASax-slap-unp",
		"BBTb-explo-slap",
		"BBTb-pdl-tone",
		"BBTb-slap",
		"BBTb-slap-unp",
		"Bn-key-cl",
		"Bn-ord",
		"BbCl-key-cl",
		"BbCl-ord-hi-reg",
		"Cb-pizz-bartok",
		"Cb-pizz-lv",
		"Cb-pizz-sec",
		"Cb-pont",
		"Fl-key-cl",
		"Fl-ord",
		"Fl-tng-ram",
		"Gtr-ord",
		"Gtr-pizz-bartok",
		"Ob-blow-no-reed",
		"Ob-ord",
		"Vn-nonvib",
		"Vc-legno-tratto",
		"Vc-nonvib",
		"Vc-tasto"
	],
	"x": [0.03579418345,0.8982102908,0.8747203579,0.3266219239,0.02684563758,0.07382550336,0.08948545861,0.110738255,0.918344519,0.9071588367,0.9395973154,0.9630872483,0.9899328859,0.9015659955,0.8489932886,0.8859060403,0.8489932886,0.8646532438,0.9753914989,0.9899328859,0.9530201342,0.8143176734,0.8322147651,0.8881431767,0.8601789709,0.08612975391,0.2472035794,0.1823266219,0,0.1129753915,0.1711409396,0.2136465324,0.1935123043,0.2975391499,0.04362416107,0.05369127517,0.1621923937,0.3322147651,0.04921700224,0.1017897092,0.1868008949,0.0615212528,0.3624161074,0.1845637584,0.1465324385,0.293064877,0.1331096197,0.1868008949,0.1342281879,0.2002237136,0.09731543624,0.244966443,0.7874720358,0.7606263982,0.9608501119,0.9955257271,0.951901566,0.9507829978,0.9787472036,0.9116331096,0.932885906,0.8937360179,0.5201342282,0.06823266219,0.2360178971,0.1375838926,0.08165548098,0.9720357942,0.2852348993,1,0.04586129754,0.05033557047,0.5178970917,0.9362416107,0.25950783,0.4015659955,0.1140939597,0.1364653244],
	"y": [0.9003322259,0.984496124,0.9246954596,0.9125138427,0.8283499446,0.8128460687,0.7785160576,0.8095238095,0.1506090808,0.8748615725,0.9723145072,0.04318936877,0.009966777409,0.08748615725,0.08748615725,0.1218161683,0.1251384275,0.01993355482,0.073089701,0.1085271318,0,0.1284606866,0.04983388704,0.05315614618,0.9645625692,0.1096345515,0.1262458472,0.1583610188,0.8981173865,0.130675526,0.8803986711,0.8925802879,0.8571428571,0.1483942414,0.06976744186,0.1838316722,0.0642303433,0.9800664452,0.03765227021,0.869324474,0.9091915836,0.9313399779,0.3953488372,0.003322259136,0.001107419712,0.2126245847,0.8970099668,0.1118493909,0.8593576966,0.9390919158,0.9302325581,0.2580287929,0.09302325581,0.0365448505,1,0.8970099668,0.1495016611,0.8815060908,0.8704318937,0.942414175,0.03875968992,0.8338870432,0.02657807309,0.8925802879,0.9235880399,0.9280177187,0.1517165006,0.9534883721,0.03100775194,0.9944629014,0.780730897,0.8593576966,0.5171650055,0.1129568106,0.1805094131,0.380952381,0.05094130676,0.09856035437],
	"color": [5,3,3,5,5,5,5,5,1,3,3,1,1,1,1,1,1,1,1,1,1,1,1,1,3,6,6,6,5,6,5,5,5,6,6,6,6,5,6,5,5,5,6,6,6,6,5,6,5,5,5,6,1,1,3,3,1,3,3,3,1,3,4,5,5,5,6,3,6,3,5,5,2,1,6,6,6,6]
}
