{
	"names": [
		"Hp-xyl",
		"ASax-key-cl",
		"ASax-slap",
		"Gtr-ord-hi-reg",
		"Gtr-pizz",
		"Hp-harm-fngr",
		"Hp-ord",
		"Hp-pizz-bartok",
		"Hn-ord",
		"Hn-slap",
		"Ob-key-cl",
		"TTbn+C-ord",
		"TTbn+H-ord",
		"TTbn+S-ord",
		"TTbn+W-ord-closed",
		"TTbn+W-ord-open",
		"TTbn-ord",
		"TpC+C-ord",
		"TpC+H-ord",
		"TpC+S-ord",
		"TpC+W-ord-closed",
		"TpC+W-ord-open",
		"TpC-ord",
		"TpC-pdl-tone",
		"TpC-slap",
		"Va+S-ord",
		"Va+SP-ord",
		"Va-art-harm",
		"Va-legno-batt",
		"Va-ord",
		"Va-pizz-bartok",
		"Va-pizz-lv",
		"Va-pizz-sec",
		"Va-pont",
		"Vn+S-ord",
		"Vn+SP-ord",
		"Vn-art-harm",
		"Vn-legno-batt",
		"Vn-ord",
		"Vn-pizz-bartok",
		"Vn-pizz-lv",
		"Vn-pizz-sec",
		"Vn-pont",
		"Vc+S-ord",
		"Vc+SP-ord",
		"Vc-art-harm",
		"Vc-legno-batt",
		"Vc-ord",
		"Vc-pizz-bartok",
		"Vc-pizz-lv",
		"Vc-pizz-sec",
		"Vc-pont",
		"ASax-ord",
		"ASax-ord-hi-reg",
		"ASax-slap-unp",
		"BBTb-explo-slap",
		"BBTb-pdl-tone",
		"BBTb-slap",
		"BBTb-slap-unp",
		"Bn-key-cl",
		"Bn-ord",
		"BbCl-key-cl",
		"BbCl-ord-hi-reg",
		"Cb-pizz-bartok",
		"Cb-pizz-lv",
		"Cb-pizz-sec",
		"Cb-pont",
		"Fl-key-cl",
		"Fl-ord",
		"Fl-tng-ram",
		"Gtr-ord",
		"Gtr-pizz-bartok",
		"Ob-blow-no-reed",
		"Ob-ord",
		"Vn-nonvib",
		"Vc-legno-tratto",
		"Vc-nonvib",
		"Vc-tasto"
	],
	"x": [0.3447453658,0.9479629637,0.8970100322,0.9208603406,0,0.06179398065,0.04770061665,0.03252314771,0.2948765393,0.3284837919,0.923657395,0.3425771559,0.28403549,0.3306520017,0.3154745328,0.2786149654,0.3393248411,0.3057175885,0.3111381131,0.3642592544,0.3360725264,0.3675115692,0.3143904279,0.3902777726,1,0.04228009203,0.07046682004,0.04770061665,0.1376813253,0.1300925909,0.1203356465,0.127924381,0.06721450527,0.05095293142,0.09648533821,0.05854166588,0.04011188218,0.08564428898,0.03143904279,0.1615316336,0.02168209848,0.01300925909,0.1052537835,0.09120577612,0.09648533821,0.07371913482,0.08130786928,0.06070987573,0.05203703634,0.06938271512,0.1246720662,0.08130786928,0.17793417,0.7447800826,0.8905054027,0.3707638839,0.4000347169,0.3751003036,0.3165586377,0.9913271606,0.3653433593,0.3469135756,0.8477700504,0.09973765299,0.0455324068,0.0455324068,0.03577546248,0.9598881178,0.08130786928,0.9197762356,0.2092322503,0.06179398065,0.1029899678,0.3382407362,0.1029899678,0.09756944314,0.04336419695,0.06179398065],
	"y": [0.8791732909,0.9140047361,0.9362622878,0.8647201574,0.9427662957,0.8791732909,0.7694753577,0.9443561208,0.1669316375,0.813990461,0.8187599364,0.1891891892,0.1128775835,0.1287758347,0.07949125596,0.03497615262,0.07313195548,0.4944356121,0.4372019078,0.4912559618,0.4419713831,0.1971383148,0.2305246423,0.1224165342,0.9505707139,0.4467408585,0.02066772655,0.07154213037,0.8918918919,0.4181240064,0.9634340223,0.6073131955,0.6502384738,0.1128775835,0.3497615262,0.4737678855,0,0.9427662957,0.3831478537,0.972972973,0.6756756757,0.6454689984,0.02396543049,0.3023130634,0.4944356121,0.1637519873,0.8585055644,0.3497615262,1,0.7186009539,0.7138314785,0.08744038156,0.3722653687,0.1764705882,0.8885675342,0.8219395866,0.1764705882,0.7615262321,0.8680445151,0.8710794579,0.40063593,0.759936407,0.3084260731,0.9984101749,0.6550079491,0.6009538951,0.02861685215,0.8615405072,0.4069952305,0.9632893148,0.9173290938,0.9634340223,0.1748807631,0.4960254372,0.2893481717,0.1128775835,0.3084260731,0.2511923688],
	"color": [6,3,3,3,5,5,5,5,9,6,3,9,9,9,9,9,9,4,4,4,4,9,9,9,3,8,2,2,5,8,5,1,1,2,8,8,2,5,8,5,1,1,2,8,8,2,5,8,5,1,1,2,8,7,3,6,9,6,6,3,4,6,7,5,1,1,2,3,8,3,5,5,2,4,8,2,8,8]
}
