{
	"names": [
		"Hp-xyl",
		"ASax-key-cl",
		"ASax-slap",
		"Gtr-ord-hi-reg",
		"Gtr-pizz",
		"Hp-harm-fngr",
		"Hp-ord",
		"Hp-pizz-bartok",
		"Hn-ord",
		"Hn-slap",
		"Ob-key-cl",
		"TTbn+C-ord",
		"TTbn+H-ord",
		"TTbn+S-ord",
		"TTbn+W-ord-closed",
		"TTbn+W-ord-open",
		"TTbn-ord",
		"TpC+C-ord",
		"TpC+H-ord",
		"TpC+S-ord",
		"TpC+W-ord-closed",
		"TpC+W-ord-open",
		"TpC-ord",
		"TpC-pdl-tone",
		"TpC-slap",
		"Va+S-ord",
		"Va+SP-ord",
		"Va-art-harm",
		"Va-legno-batt",
		"Va-ord",
		"Va-pizz-bartok",
		"Va-pizz-lv",
		"Va-pizz-sec",
		"Va-pont",
		"Vn+S-ord",
		"Vn+SP-ord",
		"Vn-art-harm",
		"Vn-legno-batt",
		"Vn-ord",
		"Vn-pizz-bartok",
		"Vn-pizz-lv",
		"Vn-pizz-sec",
		"Vn-pont",
		"Vc+S-ord",
		"Vc+SP-ord",
		"Vc-art-harm",
		"Vc-legno-batt",
		"Vc-ord",
		"Vc-pizz-bartok",
		"Vc-pizz-lv",
		"Vc-pizz-sec",
		"Vc-pont",
		"ASax-ord",
		"ASax-ord-hi-reg",
		"ASax-slap-unp",
		"BBTb-explo-slap",
		"BBTb-pdl-tone",
		"BBTb-slap",
		"BBTb-slap-unp",
		"Bn-key-cl",
		"Bn-ord",
		"BbCl-key-cl",
		"BbCl-ord-hi-reg",
		"Cb-pizz-bartok",
		"Cb-pizz-lv",
		"Cb-pizz-sec",
		"Cb-pont",
		"Fl-key-cl",
		"Fl-ord",
		"Fl-tng-ram",
		"Gtr-ord",
		"Gtr-pizz-bartok",
		"Ob-blow-no-reed",
		"Ob-ord",
		"Vn-nonvib",
		"Vc-legno-tratto",
		"Vc-nonvib",
		"Vc-tasto"
	],
	"x": [0.06726013848,0.04549950544,0.1582591494,0.08308605341,0.05539070227,0,0.08673457518,0.1097922849,0.6307287309,0.636663449,0.09495548961,0.762611276,0.5842401058,0.6376525687,0.6518298714,0.677217356,0.7326080583,0.7205842455,0.7512469557,0.7645895153,0.8041543027,0.7695351137,0.8086158973,0.7225624848,0.1612265084,0.9723046489,0.7566765579,0.8348170129,0.175074184,0.803165183,0.1454005935,0.1246290801,0.2037586548,0.7992087043,0.8328387735,0.8892185955,0.8466864491,0.2067260138,0.8506429278,0.04055390702,0.2235410485,0.2542037587,0.8803165183,0.7596439169,0.9119683482,0.8011869436,0.1473788328,0.9297725025,0.1661721068,0.1167161227,0.1305637982,0.7972304649,0.8679630783,0.9104952247,0.1641938675,0.2058362045,0.8630174799,0.1978239367,0.2284866469,0.315529179,0.7484339732,0.15628091,0.8234526925,0.1226508408,0.04549950544,0.2462908012,0.8991097923,0.2522255193,0.9193973018,0.2809099901,0.2888229476,0.05539070227,1,0.8081107814,0.8536102868,0.9703264095,0.9109792285,0.9584569733],
	"y": [0.0208573201,0.1086137382,0.1042259173,0.0757050814,0.1645584547,0.1327467531,0,0.137134574,0.9451522387,0.9967091343,0.1875945144,0.8874519485,0.9199222685,0.8935953431,0.9006154112,0.956121791,1,0.7857346877,0.7243051951,0.7931137991,0.817246814,0.8446706947,0.8855576132,0.8372915833,0.1546858577,0.1524919472,0.1733340965,0.1470071711,0.2545087832,0.2512179175,0.195273201,0.05376597688,0.151394992,0.1086137382,0.297290037,0.2896113504,0.09215940978,0.2841265743,0.2347635891,0.2325696787,0.1985640667,0.28741744,0.1162924247,0.127261977,0.2062427533,0.2029518876,0.3148413206,0.2501209623,0.05925075301,0.09435332023,0.2621874698,0.1601706338,0.9447931954,0.9151754043,0.0208573201,0.3681453539,0.8603276431,0.4190520671,0.4168581566,0.3609134401,0.9352796417,0.4212459775,0.9415023298,0.3883373207,0.3587195297,0.3378773804,0.0800929023,0.1448132606,0.884460658,0.1239711113,0.4015007835,0.2907083057,0.23915141,0.7689807841,0.1832066935,0.2073397085,0.1195832904,0.2654783355],
	"color": [1,1,1,1,1,1,1,1,2,2,1,2,2,2,2,2,2,2,2,2,2,2,2,2,1,3,3,3,1,3,1,1,1,3,3,3,3,1,3,1,1,1,3,3,3,3,1,3,1,1,1,3,2,2,1,1,2,1,1,1,2,1,2,1,1,1,3,1,2,1,1,1,3,2,3,3,3,3]
}
