{
	"names": [
		"Hp-xyl",
		"ASax-key-cl",
		"ASax-slap",
		"Gtr-ord-hi-reg",
		"Gtr-pizz",
		"Hp-harm-fngr",
		"Hp-ord",
		"Hp-pizz-bartok",
		"Hn-ord",
		"Hn-slap",
		"Ob-key-cl",
		"TTbn+C-ord",
		"TTbn+H-ord",
		"TTbn+S-ord",
		"TTbn+W-ord-closed",
		"TTbn+W-ord-open",
		"TTbn-ord",
		"TpC+C-ord",
		"TpC+H-ord",
		"TpC+S-ord",
		"TpC+W-ord-closed",
		"TpC+W-ord-open",
		"TpC-ord",
		"TpC-pdl-tone",
		"TpC-slap",
		"Va+S-ord",
		"Va+SP-ord",
		"Va-art-harm",
		"Va-legno-batt",
		"Va-ord",
		"Va-pizz-bartok",
		"Va-pizz-lv",
		"Va-pizz-sec",
		"Va-pont",
		"Vn+S-ord",
		"Vn+SP-ord",
		"Vn-art-harm",
		"Vn-legno-batt",
		"Vn-ord",
		"Vn-pizz-bartok",
		"Vn-pizz-lv",
		"Vn-pizz-sec",
		"Vn-pont",
		"Vc+S-ord",
		"Vc+SP-ord",
		"Vc-art-harm",
		"Vc-legno-batt",
		"Vc-ord",
		"Vc-pizz-bartok",
		"Vc-pizz-lv",
		"Vc-pizz-sec",
		"Vc-pont",
		"ASax-ord",
		"ASax-ord-hi-reg",
		"ASax-slap-unp",
		"BBTb-explo-slap",
		"BBTb-pdl-tone",
		"BBTb-slap",
		"BBTb-slap-unp",
		"Bn-key-cl",
		"Bn-ord",
		"BbCl-key-cl",
		"BbCl-ord-hi-reg",
		"Cb-pizz-bartok",
		"Cb-pizz-lv",
		"Cb-pizz-sec",
		"Cb-pont",
		"Fl-key-cl",
		"Fl-ord",
		"Fl-tng-ram",
		"Gtr-ord",
		"Gtr-pizz-bartok",
		"Ob-blow-no-reed",
		"Ob-ord",
		"Vn-nonvib",
		"Vc-legno-tratto",
		"Vc-nonvib",
		"Vc-tasto"
	],
	"x": [0.7549407115,0.06027667984,0.3853754941,0.854743083,0.6749011858,0.8162055336,0.8260869565,0.814229249,0.2114624506,0.1946640316,0.08201581028,0.3913043478,0.3112648221,0.1353754941,0.1561264822,0.1867588933,0.3498023715,0.3320158103,0.3774703557,0.1660079051,0.1373517787,0.266798419,0.243083004,0.162055336,0.1235177866,0.8646245059,0.902173913,1,0.7420948617,0.8369565217,0.7796442688,0.7144268775,0.5899209486,0.9723320158,0.185770751,0.8774703557,0.1936758893,0.3982213439,0.8409090909,0.4634387352,0.6403162055,0.5592885375,0.9891304348,0.7944664032,0.7934782609,0.935770751,0.8320158103,0.7618577075,0.7806324111,0.6847826087,0.5286561265,0.9545454545,0.2865612648,0.0256916996,0.0918972332,0,0.04743083004,0.006916996047,0.01778656126,0.05632411067,0.1847826087,0.1561264822,0.01778656126,0.4664031621,0.7223320158,0.6363636364,0.9337944664,0.314229249,0.7144268775,0.1492094862,0.8517786561,0.8735177866,0.1551383399,0.1146245059,0.8922924901,0.9614624506,0.8369565217,0.8359683794],
	"y": [0.03961352657,0.02608695652,0.1323671498,0.009661835749,0.07922705314,0.07342995169,0.04347826087,0.0115942029,0.8125603865,0.1806763285,0,0.6821256039,0.7062801932,0.7729468599,0.9574879227,0.8512077295,0.6898550725,0.7400966184,0.7198067633,0.8077294686,0.8550724638,0.7207729469,0.7594202899,0.9178743961,0.02995169082,0.7574879227,0.7323671498,0.7178743961,0.08599033816,0.6734299517,0.08792270531,0.07729468599,0.09951690821,0.6879227053,0.9797101449,0.7004830918,0.9362318841,0.08502415459,0.7942028986,0.06376811594,0.1362318841,0.05603864734,0.8859903382,0.6299516908,0.5893719807,0.8299516908,0.1246376812,0.6077294686,0.1256038647,0.02995169082,0.09371980676,0.7285024155,0.7497584541,0.7700483092,0.05603864734,0.1169082126,0.9062801932,0.07729468599,0.1082125604,0.07246376812,0.7777777778,0.08792270531,0.7391304348,0.1275362319,0.03574879227,0.09758454106,0.6821256039,0.09371980676,0.554589372,0.2231884058,0.06666666667,0.1285024155,1,0.8115942029,0.7922705314,0.8560386473,0.6193236715,0.7246376812],
	"color": [2,11,5,2,4,2,2,2,1,6,11,3,3,1,7,1,3,3,3,1,1,3,3,7,11,13,13,8,2,13,2,4,4,8,7,13,7,5,13,5,4,4,9,14,14,9,2,14,2,4,4,8,3,16,11,12,10,12,12,11,1,6,16,5,4,4,8,5,15,6,2,2,7,1,13,9,14,13]
}
