{
	"names": [
		"Hp-xyl",
		"ASax-key",
		"ASax-slap",
		"Gtr-ord",
		"Gtr-pizz",
		"Hp-harm",
		"Hp-ord",
		"Hp-pizz",
		"Hn-ord",
		"Hn-slap",
		"Ob-key",
		"TTbn+C-ord",
		"TTbn+H-ord",
		"TTbn+S-ord",
		"TTbn+W-ord",
		"TTbn+W-ord",
		"TTbn-ord",
		"TpC+C-ord",
		"TpC+H-ord",
		"TpC+S-ord",
		"TpC+W-ord",
		"TpC+W-ord",
		"TpC-ord",
		"TpC-pdl",
		"TpC-slap",
		"Va+S-ord",
		"Va+SP-ord",
		"Va-art",
		"Va-legno",
		"Va-ord",
		"Va-pizz",
		"Va-pizz",
		"Va-pizz",
		"Va-pont",
		"Vn+S-ord",
		"Vn+SP-ord",
		"Vn-art",
		"Vn-legno",
		"Vn-ord",
		"Vn-pizz",
		"Vn-pizz",
		"Vn-pizz",
		"Vn-pont",
		"Vc+S-ord",
		"Vc+SP-ord",
		"Vc-art",
		"Vc-legno",
		"Vc-ord",
		"Vc-pizz",
		"Vc-pizz",
		"Vc-pizz",
		"Vc-pont",
		"ASax-ord",
		"ASax-ord",
		"ASax-slap",
		"BBTb-explo",
		"BBTb-pdl",
		"BBTb-slap",
		"BBTb-slap",
		"Bn-key",
		"Bn-ord",
		"BbCl-key",
		"BbCl-ord",
		"Cb-pizz",
		"Cb-pizz",
		"Cb-pizz",
		"Cb-pont",
		"Fl-key",
		"Fl-ord",
		"Fl-tng",
		"Gtr-ord",
		"Gtr-pizz",
		"Ob-blow",
		"Ob-ord",
		"Vn-nonvib",
		"Vc-legno",
		"Vc-nonvib",
		"Vc-tasto"
	],
	"x": [0.09852461687,0.01141924959,0,0.3898858075,0.08166128183,0.2185970636,0.1912729596,0.2283849918,0.3066884176,0.3050570962,0.03915171289,0.3474714519,0.4812398042,0.3344208809,0.4600326264,0.3344208809,0.4518760196,0.493126657,0.5432300163,0.4241435563,0.5334420881,0.3719412724,0.3733969781,0.5122349103,0.1002109504,0.7422512235,0.6835236542,0.9298531811,0.2153344209,0.823817292,0.2022838499,0.1103289514,0.1696574225,0.9151712887,0.7683523654,0.6655791191,0.8776508972,0.1693506241,0.8009787928,0.06985694729,0.09515194986,0.05805261276,1,0.6101141925,0.6247960848,0.8499184339,0.1288743883,0.6867862969,0.06648428028,0.2148816287,0.1137016184,0.9265905383,0.3344208809,0.5106035889,0.1170742854,0.1373102875,0.2920065253,0.1221332859,0.08840661584,0.07177814029,0.308319739,0.2724306688,0.4893964111,0.03160840513,0.05636627925,0.08503394883,0.854812398,0.142369288,0.4779771615,0.3735725938,0.2384902978,0.0715432808,0.9184339315,0.3996737357,0.7862969005,0.9771615008,0.6492659054,0.722675367],
	"y": [0.6434040417,0.2036290323,0.1612903226,0.04637096774,0.5308616794,0.6995967742,0.6225628635,0.4294354839,0.9919354839,0.5544354839,0.1713709677,1,0.9536290323,0.9254032258,0.9818548387,0.9677419355,0.9475806452,0.766366993,0.8125,0.7116935484,0.8568548387,0.9657258065,0.6996752228,0.8245967742,0.374552843,0.5443548387,0.5403225806,0.2278225806,0.4032258065,0.3024193548,0.4536290323,0.4870952052,0.5262096774,0.1774193548,0.3931451613,0.5786290323,0.2439516129,0.3933099034,0.3830645161,0.3328704866,0.6809181624,0.7580305217,0.07459677419,0.6975806452,0.7237903226,0.3245967742,0.2217741935,0.5887096774,0.4245716706,0.5433663863,0.5600393289,0.127016129,0.8790322581,0.6411290323,0.3266181331,0.1411316472,0.9495967742,0.09944929082,0.1348792938,0.2278225806,0.9092741935,0.5060483871,0.6169354839,0.3200647404,0.6809181624,0.7788716999,0.2842741935,0.3662163717,0.9233870968,0.2721774194,0.6038058031,0.2682628342,0,0.6733870968,0.4314516129,0.122983871,0.6975806452,0.5141129032],
	"color": [15,14,14,16,15,15,15,19,5,7,14,5,17,5,17,5,17,10,10,18,10,5,18,10,19,2,6,3,19,3,19,15,15,3,1,6,3,19,1,19,15,15,3,11,11,3,19,6,19,15,15,3,5,13,19,4,5,4,4,19,5,19,13,19,15,15,3,19,17,8,15,19,9,18,1,3,12,2]
}
