{
	"names": [
		"Hp-xyl",
		"ASax-key",
		"ASax-slap",
		"Gtr-ord",
		"Gtr-pizz",
		"Hp-harm",
		"Hp-ord",
		"Hp-pizz",
		"Hn-ord",
		"Hn-slap",
		"Ob-key",
		"TTbn+C-ord",
		"TTbn+H-ord",
		"TTbn+S-ord",
		"TTbn+W-ord",
		"TTbn+W-ord",
		"TTbn-ord",
		"TpC+C-ord",
		"TpC+H-ord",
		"TpC+S-ord",
		"TpC+W-ord",
		"TpC+W-ord",
		"TpC-ord",
		"TpC-pdl",
		"TpC-slap",
		"Va+S-ord",
		"Va+SP-ord",
		"Va-art",
		"Va-legno",
		"Va-ord",
		"Va-pizz",
		"Va-pizz",
		"Va-pizz",
		"Va-pont",
		"Vn+S-ord",
		"Vn+SP-ord",
		"Vn-art",
		"Vn-legno",
		"Vn-ord",
		"Vn-pizz",
		"Vn-pizz",
		"Vn-pizz",
		"Vn-pont",
		"Vc+S-ord",
		"Vc+SP-ord",
		"Vc-art",
		"Vc-legno",
		"Vc-ord",
		"Vc-pizz",
		"Vc-pizz",
		"Vc-pizz",
		"Vc-pont",
		"ASax-ord",
		"ASax-ord",
		"ASax-slap",
		"BBTb-explo",
		"BBTb-pdl",
		"BBTb-slap",
		"BBTb-slap",
		"Bn-key",
		"Bn-ord",
		"BbCl-key",
		"BbCl-ord",
		"Cb-pizz",
		"Cb-pizz",
		"Cb-pizz",
		"Cb-pont",
		"Fl-key",
		"Fl-ord",
		"Fl-tng",
		"Gtr-ord",
		"Gtr-pizz",
		"Ob-blow",
		"Ob-ord",
		"Vn-nonvib",
		"Vc-legno",
		"Vc-nonvib",
		"Vc-tasto"
	],
	"x": [0.2869415808,0.5945017182,0.3591065292,0.4793814433,0.1494845361,0.04982817869,0.0824742268,0.2199312715,0.9570446735,0.9158075601,0.7422680412,0.8092783505,0.7182130584,0.9982817869,0.7869415808,0.8934707904,0.9965635739,0.6975945017,0.7508591065,0.8453608247,0.793814433,0.9003436426,0.9604810997,0.9982817869,0.6632302405,0.2920962199,0.2594501718,0.3969072165,0.2027491409,0.2766323024,0.2972508591,0.04810996564,0.09450171821,0.4003436426,0.1975945017,0.1666666667,0.2663230241,0.1993127148,0.3367697595,0.3694158076,0.07388316151,0.1237113402,0.6099656357,0.03436426117,0,0.4450171821,0.3281786942,0.09621993127,0.3453608247,0.01718213058,0.5996563574,0.5,0.6941580756,0.5051546392,0.4982817869,0.9896907216,0.9914089347,1,0.9828178694,0.8659793814,0.4226804124,0.4312714777,0.5360824742,0.3934707904,0.2731958763,0.2250859107,0.3350515464,0.5378006873,0.352233677,0.4158075601,0.1391752577,0.4226804124,0.7371134021,0.793814433,0.2542955326,0.4243986254,0.1546391753,0.1975945017],
	"y": [0.1450777202,0.05699481865,0.170984456,0.2815198618,0.2815198618,0.4231433506,0.01208981002,0.3281519862,0.804835924,0.5094991364,0.001727115717,0.7772020725,0.8272884283,0.9775474957,0.6649395509,0.9067357513,0.6943005181,0.9032815199,0.9844559585,0.9378238342,0.9740932642,0.9706390328,0.9188255613,0.7858376511,0,0.7668393782,1,0.6649395509,0.001727115717,0.7236614853,0.003454231434,0.1260794473,0.1882556131,0.768566494,0.9723661485,0.816925734,0.896373057,0.1260794473,0.7150259067,0.04663212435,0.2590673575,0.07599309154,0.5751295337,0.8221070812,0.9896373057,0.701208981,0.2227979275,0.9343696028,0.2815198618,0.2366148532,0.2538860104,0.6355785838,0.7633851468,0.8911917098,0.1105354059,0.1312607945,0.6027633851,0.3592400691,0.207253886,0.01381692573,0.9412780656,0.1968911917,0.9930915371,0.2348877375,0.05008635579,0.2124352332,0.8031088083,0.008635578584,0.8946459413,0.0829015544,0.3471502591,0.0103626943,0.506044905,0.8652849741,0.8117443869,0.4766839378,0.9119170984,0.872193437],
	"color": [8,3,8,3,8,5,8,8,6,6,4,6,6,6,6,6,6,6,6,6,6,6,6,6,4,2,7,2,8,2,8,8,8,2,7,7,7,8,2,8,8,8,1,7,7,2,8,7,8,8,3,2,6,7,8,4,6,4,4,4,7,8,7,8,8,8,2,3,7,8,8,8,1,6,7,1,7,7]
}
