{
	"names": [
		"Hp-xyl",
		"ASax-key",
		"ASax-slap",
		"Gtr-ord",
		"Gtr-pizz",
		"Hp-harm",
		"Hp-ord",
		"Hp-pizz",
		"Hn-ord",
		"Hn-slap",
		"Ob-key",
		"TTbn+C-ord",
		"TTbn+H-ord",
		"TTbn+S-ord",
		"TTbn+W-ord",
		"TTbn+W-ord",
		"TTbn-ord",
		"TpC+C-ord",
		"TpC+H-ord",
		"TpC+S-ord",
		"TpC+W-ord",
		"TpC+W-ord",
		"TpC-ord",
		"TpC-pdl",
		"TpC-slap",
		"Va+S-ord",
		"Va+SP-ord",
		"Va-art",
		"Va-legno",
		"Va-ord",
		"Va-pizz",
		"Va-pizz",
		"Va-pizz",
		"Va-pont",
		"Vn+S-ord",
		"Vn+SP-ord",
		"Vn-art",
		"Vn-legno",
		"Vn-ord",
		"Vn-pizz",
		"Vn-pizz",
		"Vn-pizz",
		"Vn-pont",
		"Vc+S-ord",
		"Vc+SP-ord",
		"Vc-art",
		"Vc-legno",
		"Vc-ord",
		"Vc-pizz",
		"Vc-pizz",
		"Vc-pizz",
		"Vc-pont",
		"ASax-ord",
		"ASax-ord",
		"ASax-slap",
		"BBTb-explo",
		"BBTb-pdl",
		"BBTb-slap",
		"BBTb-slap",
		"Bn-key",
		"Bn-ord",
		"BbCl-key",
		"BbCl-ord",
		"Cb-pizz",
		"Cb-pizz",
		"Cb-pizz",
		"Cb-pont",
		"Fl-key",
		"Fl-ord",
		"Fl-tng",
		"Gtr-ord",
		"Gtr-pizz",
		"Ob-blow",
		"Ob-ord",
		"Vn-nonvib",
		"Vc-legno",
		"Vc-nonvib",
		"Vc-tasto"
	],
	"x": [0.5186046512,0.08604651163,0.03488372093,0.07209302326,0.4302325581,0.6162790698,0.5418604651,0.2395348837,0.876744186,0.02558139535,0.01395348837,0.8279069767,0.8255813953,0.9674418605,0.9534883721,0.9697674419,0.7744186047,0.723255814,0.9209302326,0.8906976744,0.3813953488,0.7511627907,0.8255813953,0.5139534884,0.1209302326,0.5697674419,0.4860465116,0.311627907,0.1953488372,0.4627906977,0.288372093,0.5488372093,0.3860465116,0.2953488372,0.4976744186,0.5511627907,0.08139534884,0,0.323255814,0.08372093023,0.376744186,0.3255813953,0.06279069767,0.4395348837,0.5441860465,0.2697674419,0.4069767442,0.5906976744,0.3023255814,0.3837209302,0.423255814,0.3325581395,0.6069767442,0.7674418605,0.02093023256,0.08139534884,1,0.0511627907,0.09302325581,0.002325581395,0.8139534884,0.3488372093,0.7139534884,0.1418604651,0.4627906977,0.4372093023,0.2953488372,0.2023255814,0.6,0.1953488372,0.4325581395,0.4627906977,0.04418604651,0.8069767442,0.3813953488,0.08372093023,0.1790697674,0.376744186],
	"y": [0.111827957,0.0688172043,0.02365591398,0.376344086,0.2709677419,0.1612903226,0.1440860215,0.135483871,0.9204301075,0.3935483871,0,0.9870967742,0.7978494624,0.7634408602,1,0.9268817204,0.9462365591,0.8215053763,0.8580645161,0.7935483871,0.4494623656,0.8731182796,0.8666666667,0.9827956989,0.002150537634,0.6838709677,0.6301075269,0.8688172043,0.1462365591,0.7849462366,0.08602150538,0.1225806452,0.2451612903,0.7849462366,0.7548387097,0.776344086,0.7741935484,0.09247311828,0.8193548387,0.1677419355,0.1333333333,0.2817204301,0.664516129,0.6494623656,0.7204301075,0.8430107527,0.09247311828,0.7462365591,0.135483871,0.3032258065,0.3397849462,0.6989247312,0.6967741935,0.7419354839,0.3268817204,0.2602150538,0.8365591398,0.4795698925,0.4344086022,0.1956989247,0.5827956989,0.09032258065,0.7053763441,0.1204301075,0.2387096774,0.1440860215,0.7397849462,0.08387096774,0.8258064516,0.04086021505,0.2,0.04086021505,0.5892473118,0.688172043,0.8,0.7290322581,0.7720430108,0.8494623656],
	"color": [8,8,8,6,6,6,8,8,10,9,8,10,3,10,10,10,10,1,10,10,9,10,10,10,8,2,2,2,8,2,8,8,5,2,2,2,2,8,2,8,6,8,2,2,2,2,6,2,8,8,5,1,2,3,9,8,10,9,9,8,3,8,2,6,6,5,2,8,2,7,5,4,9,3,2,2,2,2]
}
