{
	"names": [
		"Hp-xyl",
		"ASax-key",
		"ASax-slap",
		"Gtr-ord",
		"Gtr-pizz",
		"Hp-harm",
		"Hp-ord",
		"Hp-pizz",
		"Hn-ord",
		"Hn-slap",
		"Ob-key",
		"TTbn+C-ord",
		"TTbn+H-ord",
		"TTbn+S-ord",
		"TTbn+W-ord",
		"TTbn+W-ord",
		"TTbn-ord",
		"TpC+C-ord",
		"TpC+H-ord",
		"TpC+S-ord",
		"TpC+W-ord",
		"TpC+W-ord",
		"TpC-ord",
		"TpC-pdl",
		"TpC-slap",
		"Va+S-ord",
		"Va+SP-ord",
		"Va-art",
		"Va-legno",
		"Va-ord",
		"Va-pizz",
		"Va-pizz",
		"Va-pizz",
		"Va-pont",
		"Vn+S-ord",
		"Vn+SP-ord",
		"Vn-art",
		"Vn-legno",
		"Vn-ord",
		"Vn-pizz",
		"Vn-pizz",
		"Vn-pizz",
		"Vn-pont",
		"Vc+S-ord",
		"Vc+SP-ord",
		"Vc-art",
		"Vc-legno",
		"Vc-ord",
		"Vc-pizz",
		"Vc-pizz",
		"Vc-pizz",
		"Vc-pont",
		"ASax-ord",
		"ASax-ord",
		"ASax-slap",
		"BBTb-explo",
		"BBTb-pdl",
		"BBTb-slap",
		"BBTb-slap",
		"Bn-key",
		"Bn-ord",
		"BbCl-key",
		"BbCl-ord",
		"Cb-pizz",
		"Cb-pizz",
		"Cb-pizz",
		"Cb-pont",
		"Fl-key",
		"Fl-ord",
		"Fl-tng",
		"Gtr-ord",
		"Gtr-pizz",
		"Ob-blow",
		"Ob-ord",
		"Vn-nonvib",
		"Vc-legno",
		"Vc-nonvib",
		"Vc-tasto"
	],
	"x": [0.0034888036,0.4133801452,0.3925885554,0.3510053758,0.09259561699,0.07477425431,0.04358686963,0,0.07477425431,0.4297163943,0.4490228705,0.04210175607,0.03467618829,0.08798778566,0.07328914075,0.0005185764873,0.132693683,0.04952732385,0.004973917157,0.09111050343,0.01685482561,0.0005185764873,0.03319107473,0.1089318661,0.396046989,0.03913152896,0.06734868653,0.08517004921,0.1119020932,0.1282383423,0.4519930977,0.04061664251,0.3836778741,0.1995237931,0.1520001592,0.1208127746,0.1267532288,0.4594186654,0.01982505272,0.3628862843,0.3510053758,0.4519930977,0.1653661813,0.1237830017,0.05992311875,0.1297234559,0.3821927605,0.07922959498,0.5069422992,0.1698215219,0.4505079841,0.09259561699,0.159425727,0.209919588,0.5099125264,0.4772400281,0.5604063873,0.4594186654,0.3866481012,0.4831804823,0.1787322033,0.5039720721,0.4222908265,0.4163503723,0.03022084762,0.4846655959,0.1267532288,0.4312015079,0.1742768626,0.5069422992,0.0376464154,0.07031891364,1,0.159425727,0.186157771,0.1104169797,0.2069493608,0.2024940202],
	"y": [0.3279352227,0.09109311741,0.1437246964,0.467611336,0.2712550607,0.5789473684,0.4372469636,0.4986529181,0.3805668016,0.1497975709,0.3036437247,0.3825910931,0.3178137652,0.4630691078,0.3259109312,0.4473684211,0.487854251,0.2692307692,0.3846153846,0.516194332,0.2611336032,0.5587044534,0.6052631579,0.3866396761,0.005263376299,0.4817813765,0.7489878543,0.4230769231,0.3340080972,0.4271255061,0.1052631579,0.536437247,0.07489878543,0.7631578947,0.5344129555,0.5668016194,0.7307692308,0.05668016194,0.6619433198,0.1133603239,0.1619433198,0,0.7995951417,0.6255060729,0.6720647773,0.6801619433,0.1842105263,0.6356275304,0.04251012146,0.6659919028,0.1680161943,0.7024291498,0.5829959514,0.8238866397,0.1214574899,0.1457489879,0.8785425101,0.2044534413,0.2388663968,0.2692307692,0.475708502,0.1761133603,1,0.2024291498,0.7246963563,0.0991902834,0.7914979757,0.2489878543,0.7145748988,0.2368421053,0.7975708502,0.8178137652,0.8502024291,0.6275303644,0.5263157895,0.8238866397,0.7024291498,0.6032388664],
	"color": [6,1,1,2,6,6,6,6,6,1,1,6,6,6,6,6,6,6,6,6,6,6,6,6,1,6,6,6,6,6,1,6,1,6,6,6,6,1,6,1,1,1,6,6,6,6,1,6,1,6,1,6,6,6,1,1,3,1,1,1,6,1,4,1,6,1,6,1,6,1,6,6,5,6,6,6,6,6]
}
