{
	"names": [
		"Hp-xyl",
		"ASax-key",
		"ASax-slap",
		"Gtr-ord",
		"Gtr-pizz",
		"Hp-harm",
		"Hp-ord",
		"Hp-pizz",
		"Hn-ord",
		"Hn-slap",
		"Ob-key",
		"TTbn+C-ord",
		"TTbn+H-ord",
		"TTbn+S-ord",
		"TTbn+W-ord",
		"TTbn+W-ord",
		"TTbn-ord",
		"TpC+C-ord",
		"TpC+H-ord",
		"TpC+S-ord",
		"TpC+W-ord",
		"TpC+W-ord",
		"TpC-ord",
		"TpC-pdl",
		"TpC-slap",
		"Va+S-ord",
		"Va+SP-ord",
		"Va-art",
		"Va-legno",
		"Va-ord",
		"Va-pizz",
		"Va-pizz",
		"Va-pizz",
		"Va-pont",
		"Vn+S-ord",
		"Vn+SP-ord",
		"Vn-art",
		"Vn-legno",
		"Vn-ord",
		"Vn-pizz",
		"Vn-pizz",
		"Vn-pizz",
		"Vn-pont",
		"Vc+S-ord",
		"Vc+SP-ord",
		"Vc-art",
		"Vc-legno",
		"Vc-ord",
		"Vc-pizz",
		"Vc-pizz",
		"Vc-pizz",
		"Vc-pont",
		"ASax-ord",
		"ASax-ord",
		"ASax-slap",
		"BBTb-explo",
		"BBTb-pdl",
		"BBTb-slap",
		"BBTb-slap",
		"Bn-key",
		"Bn-ord",
		"BbCl-key",
		"BbCl-ord",
		"Cb-pizz",
		"Cb-pizz",
		"Cb-pizz",
		"Cb-pont",
		"Fl-key",
		"Fl-ord",
		"Fl-tng",
		"Gtr-ord",
		"Gtr-pizz",
		"Ob-blow",
		"Ob-ord",
		"Vn-nonvib",
		"Vc-legno",
		"Vc-nonvib",
		"Vc-tasto"
	],
	"x": [0.6433121019,1,0.7299363057,0.6101910828,0.6700636943,0.247133758,0.5898089172,0.4445859873,0,0.4573248408,0.9796178344,0.1350318471,0.08407643312,0.0101910828,0.03566878981,0.1095541401,0.05350318471,0.02038216561,0.4,0.01401273885,0.05222929936,0.07515923567,0.1936305732,0.02420382166,0.8802547771,0.5197452229,0.4802547771,0.5808917197,0.6038216561,0.6802547771,0.8229299363,0.7159235669,0.7847133758,0.6178343949,0.5414012739,0.3898089172,0.5987261146,0.7031847134,0.6815286624,0.7095541401,0.7388535032,0.6382165605,0.5464968153,0.5605095541,0.5057324841,0.6331210191,0.8624203822,0.5337579618,0.8076433121,0.6420382166,0.7477707006,0.7681528662,0.352866242,0.1770700637,0.9324840764,0.3961783439,0.1133757962,0.298089172,0.2305732484,0.3426751592,0.2853503185,0.4394904459,0.2573248408,0.7541401274,0.5312101911,0.8535031847,0.6050955414,0.8394904459,0.2305732484,0.3452229299,0.5821656051,0.4866242038,0.6165605096,0.1414012739,0.5108280255,0.7464968153,0.5057324841,0.5694267516],
	"y": [0.436661699,0.8002980626,0.7257824143,0.4813710879,0.3740685544,0.1028315946,0.4098360656,0.4500745156,0.3383010432,0.8479880775,0.8569299553,0.39195231,0.1967213115,0.4739195231,0.1847988077,0.3129657228,0.4858420268,0.390461997,0.1475409836,0.260804769,0.305514158,0.3546944858,0.259314456,0.5573770492,0.7958271237,0.1341281669,0.1341281669,0.0476900149,0.5484351714,0.1669150522,0.3979135618,0.4932935917,0.479880775,0.02086438152,0.1818181818,0.08047690015,0,0.8107302534,0.05812220566,0.8956780924,0.3159463487,0.6408345753,0.02831594635,0.1609538003,0.1639344262,0.1207153502,0.694485842,0.2280178838,0.8345752608,0.3859910581,0.5499254844,0.1356184799,0.2399403875,0.129657228,0.7719821162,1,0.5052160954,0.8777943368,0.7153502235,0.7988077496,0.1907600596,0.7526080477,0.259314456,0.6631892697,0.4396423249,0.5141579732,0.1102831595,0.5976154993,0.1937406855,0.7078986587,0.4202682563,0.6169895678,0.05812220566,0.2548435171,0.1788375559,0.09836065574,0.2354694486,0.2295081967],
	"color": [2,2,2,2,2,5,2,2,5,1,2,5,5,5,5,5,5,5,3,5,5,5,5,5,2,3,3,4,2,4,2,2,2,4,3,3,4,2,4,2,2,2,4,3,3,4,2,3,2,2,2,4,5,5,2,1,5,1,1,1,5,1,5,2,2,2,4,2,5,1,2,2,4,5,3,4,3,3]
}
