{
	"names": [
		"Hp-xyl",
		"ASax-key",
		"ASax-slap",
		"Gtr-ord",
		"Gtr-pizz",
		"Hp-harm",
		"Hp-ord",
		"Hp-pizz",
		"Hn-ord",
		"Hn-slap",
		"Ob-key",
		"TTbn+C-ord",
		"TTbn+H-ord",
		"TTbn+S-ord",
		"TTbn+W-ord",
		"TTbn+W-ord",
		"TTbn-ord",
		"TpC+C-ord",
		"TpC+H-ord",
		"TpC+S-ord",
		"TpC+W-ord",
		"TpC+W-ord",
		"TpC-ord",
		"TpC-pdl",
		"TpC-slap",
		"Va+S-ord",
		"Va+SP-ord",
		"Va-art",
		"Va-legno",
		"Va-ord",
		"Va-pizz",
		"Va-pizz",
		"Va-pizz",
		"Va-pont",
		"Vn+S-ord",
		"Vn+SP-ord",
		"Vn-art",
		"Vn-legno",
		"Vn-ord",
		"Vn-pizz",
		"Vn-pizz",
		"Vn-pizz",
		"Vn-pont",
		"Vc+S-ord",
		"Vc+SP-ord",
		"Vc-art",
		"Vc-legno",
		"Vc-ord",
		"Vc-pizz",
		"Vc-pizz",
		"Vc-pizz",
		"Vc-pont",
		"ASax-ord",
		"ASax-ord",
		"ASax-slap",
		"BBTb-explo",
		"BBTb-pdl",
		"BBTb-slap",
		"BBTb-slap",
		"Bn-key",
		"Bn-ord",
		"BbCl-key",
		"BbCl-ord",
		"Cb-pizz",
		"Cb-pizz",
		"Cb-pizz",
		"Cb-pont",
		"Fl-key",
		"Fl-ord",
		"Fl-tng",
		"Gtr-ord",
		"Gtr-pizz",
		"Ob-blow",
		"Ob-ord",
		"Vn-nonvib",
		"Vc-legno",
		"Vc-nonvib",
		"Vc-tasto"
	],
	"x": [0.2389705882,0.7426470588,0.7169117647,0.2904411765,0.2536764706,0.2573529412,0.2610294118,0.2757352941,0,0.007352941176,0.7058823529,0.02573529412,0.8419117647,0.007352941176,0.01102941176,0.007352941176,0.007352941176,0.9044117647,0.8382352941,0.8897058824,0.9007352941,0.8566176471,0.8823529412,0.9264705882,0.7573529412,0.4852941176,0.5,0.5257352941,0.2683823529,0.5220588235,0.2647058824,0.2573529412,0.2830882353,0.5257352941,0.5514705882,0.5588235294,0.5257352941,0.7794117647,0.5441176471,0.75,0.2867647059,0.2794117647,0.9926470588,0.5625,0.5367647059,0.5441176471,0.2794117647,0.5661764706,0.7573529412,0.2683823529,0.2647058824,0.4889705882,0.5808823529,0.9889705882,0.7279411765,0.7610294118,0.02573529412,0.7867647059,0.7904411765,0.7867647059,0.02941176471,0.7647058824,0.9852941176,0.7352941176,0.2573529412,0.2757352941,0.5330882353,0.7463235294,0.4889705882,0.7463235294,0.2757352941,0.2757352941,1,0.9044117647,0.5257352941,0.5330882353,0.5147058824,0.5330882353],
	"y": [0,0.2796420582,0.06263982103,0.9217002237,0.05592841163,0.1006711409,0.1498881432,0.5503355705,0.01789709172,0.2818791946,0.002237136465,0.2348993289,0.05369127517,0.07158836689,0.1252796421,0.1722595078,0.3355704698,0.2818791946,0.006711409396,0.2192393736,0.3310961969,0.1096196868,0.1722595078,0.4384787472,0.4697986577,0.0514541387,0.1789709172,0.3758389262,0.3914988814,0.3288590604,0.6510067114,0.2080536913,0.4429530201,0.4161073826,0.8143176734,0.8635346756,0.4608501119,0.6331096197,0.6017897092,0.3736017897,0.7046979866,0.8031319911,0.1118568233,0.9105145414,0.6577181208,0.7561521253,0.7494407159,0.9574944072,0.4250559284,0.2527964206,0.6040268456,0.1163310962,1,0.0581655481,0.1096196868,0.5234899329,0.4563758389,0.6912751678,0.744966443,0.8008948546,0.514541387,0.5749440716,0.004474272931,0.1700223714,0.2975391499,0.3400447427,0.7046979866,0.3199105145,0.002237136465,0.225950783,0.4921700224,0.8612975391,0.1722595078,0.3914988814,0.2371364653,0.548098434,0.2796420582,0.5033557047],
	"color": [4,2,2,4,4,4,4,4,5,5,2,5,6,5,5,5,5,6,6,6,6,6,6,6,2,3,3,3,4,3,4,4,4,3,3,3,3,2,3,2,4,4,1,3,3,3,4,3,2,4,4,3,3,1,2,2,5,2,2,2,5,2,1,2,4,4,3,2,3,2,4,4,1,6,3,3,3,3]
}
