{
	"names": [
		"Hp-xyl",
		"ASax-key",
		"ASax-slap",
		"Gtr-ord",
		"Gtr-pizz",
		"Hp-harm",
		"Hp-ord",
		"Hp-pizz",
		"Hn-ord",
		"Hn-slap",
		"Ob-key",
		"TTbn+C-ord",
		"TTbn+H-ord",
		"TTbn+S-ord",
		"TTbn+W-ord",
		"TTbn+W-ord",
		"TTbn-ord",
		"TpC+C-ord",
		"TpC+H-ord",
		"TpC+S-ord",
		"TpC+W-ord",
		"TpC+W-ord",
		"TpC-ord",
		"TpC-pdl",
		"TpC-slap",
		"Va+S-ord",
		"Va+SP-ord",
		"Va-art",
		"Va-legno",
		"Va-ord",
		"Va-pizz",
		"Va-pizz",
		"Va-pizz",
		"Va-pont",
		"Vn+S-ord",
		"Vn+SP-ord",
		"Vn-art",
		"Vn-legno",
		"Vn-ord",
		"Vn-pizz",
		"Vn-pizz",
		"Vn-pizz",
		"Vn-pont",
		"Vc+S-ord",
		"Vc+SP-ord",
		"Vc-art",
		"Vc-legno",
		"Vc-ord",
		"Vc-pizz",
		"Vc-pizz",
		"Vc-pizz",
		"Vc-pont",
		"ASax-ord",
		"ASax-ord",
		"ASax-slap",
		"BBTb-explo",
		"BBTb-pdl",
		"BBTb-slap",
		"BBTb-slap",
		"Bn-key",
		"Bn-ord",
		"BbCl-key",
		"BbCl-ord",
		"Cb-pizz",
		"Cb-pizz",
		"Cb-pizz",
		"Cb-pont",
		"Fl-key",
		"Fl-ord",
		"Fl-tng",
		"Gtr-ord",
		"Gtr-pizz",
		"Ob-blow",
		"Ob-ord",
		"Vn-nonvib",
		"Vc-legno",
		"Vc-nonvib",
		"Vc-tasto"
	],
	"x": [0.237845045,0.02144504505,0.05848648649,0.492,0.2982810811,0.2651387387,0.4834882883,0.268,0.1832576577,0.716,0.02729369369,0.776,0.9279855856,0.77,0.1715603604,0.224,0.8110126126,0.4289009009,0.411354955,0.8071135135,0.7954162162,0.212,0.8090630631,0.974,0.05848648649,0.9767243243,1,0.65,0.2612396396,0.676,0.2202990991,0.255390991,0.2709873874,0.668,0.972,0.456,0.698,0.2066522523,0.3762630631,0.2125009009,0.2982810811,0.3080288288,0.6901405405,0.3860108108,0.3645657658,0.7037873874,0.3021801802,0.4211027027,0.1930054054,0.2105513514,0.2573405405,0.69,0.782,0,0.06043603604,0.07018378378,0.628,0.0194954955,0.07993153153,0.02924324324,0.9,0.05263783784,0,0.2573405405,0.3177765766,0.2475927928,0.9208159551,0.0116972973,0.776,0.01364684685,0.4815387387,0.4815387387,0.6959891892,0.814,0.4074558559,0.709636036,0.442,0.3528684685],
	"y": [0.2910298788,0.07012768164,0.1683064359,0.2661870504,0.4242724739,0.4663490829,0.02805107266,0.5683453237,0.7959491866,0.309352518,0.4032341694,0.118705036,0,0.05755395683,0.7188087368,1,0.2419405017,0.09817875429,0,0.08064683388,0.01051915225,0.9172661871,0.1612936678,0.154676259,0.3366128719,0.02103830449,0.154676259,0.4064748201,0.1788255882,0.2841726619,0.1788255882,0.03155745674,0.3225873355,0.3525179856,0.2122302158,0.5179856115,0.381294964,0.3296001037,0.1648000519,0.1192170588,0.5645278372,0.6206299825,0,0.2279149653,0.09116598613,0.1402553633,0.4873873874,0.3751830968,0.2489532698,0.04207660898,0.1122042906,0.2122302158,0.1942446043,0.7678981139,0.0771404498,0.427778858,0.9064748201,0.4838810033,0.5084256919,0.5434895327,0.7553956835,0.2454468857,0.7117959686,0.2454468857,0.34362564,0.3821958649,0.1021009421,0.1542808996,0.2805755396,0.3155745674,0.09116598613,0.1683064359,0.07012768164,0.3309352518,0.298042647,0.2173958131,0.4496402878,0.01753192041],
	"color": [10,6,6,9,10,10,9,10,7,2,6,5,8,5,7,7,5,12,12,5,5,7,5,8,6,8,8,2,10,2,10,10,10,2,8,1,2,10,1,10,10,10,2,1,1,2,10,1,10,10,10,2,5,3,6,6,11,6,6,6,4,6,3,10,10,10,8,6,5,6,9,9,2,5,1,2,1,1]
}
