{
	"names": [
		"Hp-xyl",
		"ASax-key",
		"ASax-slap",
		"Gtr-ord",
		"Gtr-pizz",
		"Hp-harm",
		"Hp-ord",
		"Hp-pizz",
		"Hn-ord",
		"Hn-slap",
		"Ob-key",
		"TTbn+C-ord",
		"TTbn+H-ord",
		"TTbn+S-ord",
		"TTbn+W-ord",
		"TTbn+W-ord",
		"TTbn-ord",
		"TpC+C-ord",
		"TpC+H-ord",
		"TpC+S-ord",
		"TpC+W-ord",
		"TpC+W-ord",
		"TpC-ord",
		"TpC-pdl",
		"TpC-slap",
		"Va+S-ord",
		"Va+SP-ord",
		"Va-art",
		"Va-legno",
		"Va-ord",
		"Va-pizz",
		"Va-pizz",
		"Va-pizz",
		"Va-pont",
		"Vn+S-ord",
		"Vn+SP-ord",
		"Vn-art",
		"Vn-legno",
		"Vn-ord",
		"Vn-pizz",
		"Vn-pizz",
		"Vn-pizz",
		"Vn-pont",
		"Vc+S-ord",
		"Vc+SP-ord",
		"Vc-art",
		"Vc-legno",
		"Vc-ord",
		"Vc-pizz",
		"Vc-pizz",
		"Vc-pizz",
		"Vc-pont",
		"ASax-ord",
		"ASax-ord",
		"ASax-slap",
		"BBTb-explo",
		"BBTb-pdl",
		"BBTb-slap",
		"BBTb-slap",
		"Bn-key",
		"Bn-ord",
		"BbCl-key",
		"BbCl-ord",
		"Cb-pizz",
		"Cb-pizz",
		"Cb-pizz",
		"Cb-pont",
		"Fl-key",
		"Fl-ord",
		"Fl-tng",
		"Gtr-ord",
		"Gtr-pizz",
		"Ob-blow",
		"Ob-ord",
		"Vn-nonvib",
		"Vc-legno",
		"Vc-nonvib",
		"Vc-tasto"
	],
	"x": [0.01551724138,0.07931034483,0.08965517241,0.01896551724,0.06906761754,0.001724137931,0.01906761754,0.04310344828,0.4879310345,0.1396551724,0.1224137931,0.3568965517,0.5051724138,0.4310344828,0.4275862069,0.3862068966,0.4034482759,0.7344827586,0.4862068966,0.4086206897,0.4689655172,0.3810344828,0.4413793103,0.3620689655,0.2862068966,0.9517241379,0.9293103448,0.9172413793,0.05689655172,0.8931034483,0.02068965517,0.09310344828,0.04827586207,0.8465517241,0.8965517241,0.9396551724,0.8724137931,0.06724137931,0.7637931034,0.08448275862,0.05,0.1379310345,0.8431034483,0.9586206897,0.9017241379,0.7948275862,0.03620689655,0.5155172414,0.07413793103,0.08965517241,0.1413793103,0.7534482759,0.4655172414,0.9362068966,0.1172413793,0.1862068966,0.4103448276,0.1637931034,0.2189655172,0.2655172414,0.8965517241,0.3310344828,0.9465517241,0.1068965517,0,0.05,1,0.09482758621,0.425862069,0.3120689655,0.03965517241,0.005172413793,0.924137931,0.5189655172,0.8862068966,0.8724137931,0.7172413793,0.8],
	"y": [0.08288288288,0.609009009,0.6522522523,0.1369369369,0.02566050682,0.209009009,0.02926411042,0.4684684685,0.1621621622,0.9405405405,0.7495495495,0.05585585586,0.1009009009,0.1621621622,0.009009009009,0.1747747748,0.08648648649,0.4036036036,0.2234234234,0.2072072072,0.1873873874,0.1297297297,0.2162162162,0.01261261261,0.9315315315,0.4108108108,0.3423423423,0.7189189189,0.5099099099,0.7477477477,0.4198198198,0.02522522523,0.636036036,0.7405405405,0.3369369369,0.5099099099,0.6684684685,0.7153153153,0.4432432432,0.4576576577,0.05945945946,0.6666666667,0.6846846847,0.3657657658,0.381981982,0.5027027027,0.2810810811,0.1675675676,0.4144144144,0.08468468468,0.7099099099,0.4864864865,0.1387387387,0.7603603604,0.6252252252,0.9711711712,0.04144144144,0.9981981982,1,0.8900900901,0.4234234234,0.9369369369,0.4594594595,0.4954954955,0.2594594595,0.1009009009,0.4,0.6882882883,0.1279279279,0.8990990991,0,0.4558558559,0.6558558559,0.2144144144,0.4756756757,0.7081081081,0.445045045,0.4702702703],
	"color": [6,1,1,6,6,4,6,3,10,5,1,10,10,10,10,10,10,7,10,10,10,10,10,10,2,8,8,9,3,9,3,6,1,9,8,8,9,1,7,3,6,1,9,8,8,7,4,10,3,6,1,7,10,9,1,5,10,5,5,2,8,2,8,3,4,6,8,1,10,2,6,3,9,10,8,9,7,7]
}
