{
	"names": [
		"Hp-xyl",
		"ASax-key",
		"ASax-slap",
		"Gtr-ord",
		"Gtr-pizz",
		"Hp-harm",
		"Hp-ord",
		"Hp-pizz",
		"Hn-ord",
		"Hn-slap",
		"Ob-key",
		"TTbn+C-ord",
		"TTbn+H-ord",
		"TTbn+S-ord",
		"TTbn+W-ord",
		"TTbn+W-ord",
		"TTbn-ord",
		"TpC+C-ord",
		"TpC+H-ord",
		"TpC+S-ord",
		"TpC+W-ord",
		"TpC+W-ord",
		"TpC-ord",
		"TpC-pdl",
		"TpC-slap",
		"Va+S-ord",
		"Va+SP-ord",
		"Va-art",
		"Va-legno",
		"Va-ord",
		"Va-pizz",
		"Va-pizz",
		"Va-pizz",
		"Va-pont",
		"Vn+S-ord",
		"Vn+SP-ord",
		"Vn-art",
		"Vn-legno",
		"Vn-ord",
		"Vn-pizz",
		"Vn-pizz",
		"Vn-pizz",
		"Vn-pont",
		"Vc+S-ord",
		"Vc+SP-ord",
		"Vc-art",
		"Vc-legno",
		"Vc-ord",
		"Vc-pizz",
		"Vc-pizz",
		"Vc-pizz",
		"Vc-pont",
		"ASax-ord",
		"ASax-ord",
		"ASax-slap",
		"BBTb-explo",
		"BBTb-pdl",
		"BBTb-slap",
		"BBTb-slap",
		"Bn-key",
		"Bn-ord",
		"BbCl-key",
		"BbCl-ord",
		"Cb-pizz",
		"Cb-pizz",
		"Cb-pizz",
		"Cb-pont",
		"Fl-key",
		"Fl-ord",
		"Fl-tng",
		"Gtr-ord",
		"Gtr-pizz",
		"Ob-blow",
		"Ob-ord",
		"Vn-nonvib",
		"Vc-legno",
		"Vc-nonvib",
		"Vc-tasto"
	],
	"x": [0.5482758621,0.5672413793,0.4620689655,0.5034482759,0.7413793103,0.3982758621,0.3155172414,0.3603448276,0.1482758621,0.1172413793,0.5551724138,0.2068965517,0.3655172414,0.2172413793,0.1362068966,0.1068965517,0.08965517241,0.01206896552,0,0.1189655172,0.3155172414,0.3655172414,0.1448275862,0.06034482759,0.5172413793,0.6413793103,0.7017241379,0.7879310345,0.3051724138,0.7534482759,0.4068965517,0.5793103448,0.724137931,0.9172413793,0.6931034483,0.8224137931,0.6965517241,0.5379310345,0.8775862069,0.3155172414,0.625862069,0.6896551724,0.9310344828,0.5862068966,0.5448275862,0.8672413793,0.5293103448,0.6,0.3224137931,0.6879310345,0.6586206897,0.8517241379,0.6448275862,0.4086206897,0.3896551724,0.02931034483,0.08103448276,0.0724137931,0.08965517241,0.475862069,0.4189655172,0.3655172414,0.5396551724,0.275862069,0.6137931034,0.5948275862,0.7603448276,0.3672413793,0.9465517241,0.4293103448,0.5431034483,0.424137931,0.5637931034,0.3224137931,0.8931034483,1,0.5310344828,0.7982758621],
	"y": [0.5335085414,0.1668856767,0.1655716163,0.5847568988,0.6281208936,0.6727989488,0.653088042,0.3876478318,0.8226018397,0.629434954,0.09461235217,0.8304862024,0.9960578187,0.7779237845,0.7779237845,0.7371879106,0.826544021,0.9829172142,0.9369250986,0.9237844941,0.950065703,0.9080157687,0.8777923784,0.9014454665,0.1274638633,0.9040735874,0.9342969777,0.9040735874,0.5348226018,0.8672798949,0.4231274639,0.6162943495,0.5282522996,0.8409986859,0.8961892247,0.9487516426,0.9947437582,0.2562417871,0.7963206307,0.4927726675,0.5190538765,0.579500657,0.7437582129,0.9579500657,0.8988173456,0.8869908016,0.3850197109,1,0.4270696452,0.4835742444,0.6189224704,0.8331143233,0.9579500657,0.9526938239,0.3166885677,0.5834428384,0.7844940867,0.5256241787,0.5689881735,0.07752956636,0.8593955322,0.1590013141,0.9934296978,0.4586070959,0.3810775296,0.5703022339,0.9750328515,0.4625492773,0.8988173456,0.2365308804,0.4770039422,0.517739816,0,0.8515111695,0.9290407359,0.8015768725,0.9461235217,0.8449408673],
	"color": [9,6,6,9,9,5,5,8,3,1,6,3,4,3,3,3,3,2,2,2,4,4,2,2,6,7,7,7,8,7,8,9,9,7,7,7,7,6,7,8,9,9,7,7,7,7,9,7,8,9,9,7,7,4,8,1,3,1,1,6,7,6,7,8,9,9,7,8,7,6,9,8,6,3,7,7,7,7]
}
