{
	"names": [
		"Hp-xyl",
		"ASax-key",
		"ASax-slap",
		"Gtr-ord",
		"Gtr-pizz",
		"Hp-harm",
		"Hp-ord",
		"Hp-pizz",
		"Hn-ord",
		"Hn-slap",
		"Ob-key",
		"TTbn+C-ord",
		"TTbn+H-ord",
		"TTbn+S-ord",
		"TTbn+W-ord",
		"TTbn+W-ord",
		"TTbn-ord",
		"TpC+C-ord",
		"TpC+H-ord",
		"TpC+S-ord",
		"TpC+W-ord",
		"TpC+W-ord",
		"TpC-ord",
		"TpC-pdl",
		"TpC-slap",
		"Va+S-ord",
		"Va+SP-ord",
		"Va-art",
		"Va-legno",
		"Va-ord",
		"Va-pizz",
		"Va-pizz",
		"Va-pizz",
		"Va-pont",
		"Vn+S-ord",
		"Vn+SP-ord",
		"Vn-art",
		"Vn-legno",
		"Vn-ord",
		"Vn-pizz",
		"Vn-pizz",
		"Vn-pizz",
		"Vn-pont",
		"Vc+S-ord",
		"Vc+SP-ord",
		"Vc-art",
		"Vc-legno",
		"Vc-ord",
		"Vc-pizz",
		"Vc-pizz",
		"Vc-pizz",
		"Vc-pont",
		"ASax-ord",
		"ASax-ord",
		"ASax-slap",
		"BBTb-explo",
		"BBTb-pdl",
		"BBTb-slap",
		"BBTb-slap",
		"Bn-key",
		"Bn-ord",
		"BbCl-key",
		"BbCl-ord",
		"Cb-pizz",
		"Cb-pizz",
		"Cb-pizz",
		"Cb-pont",
		"Fl-key",
		"Fl-ord",
		"Fl-tng",
		"Gtr-ord",
		"Gtr-pizz",
		"Ob-blow",
		"Ob-ord",
		"Vn-nonvib",
		"Vc-legno",
		"Vc-nonvib",
		"Vc-tasto"
	],
	"x": [0.03686635945,0.4577572965,0.4623655914,0.02304147465,0.05683563748,0.133640553,0.1198156682,0.09216589862,0.9324116743,0.490015361,0.4408602151,0.8095238095,0.8725038402,0.9247311828,0.9247311828,0.9569892473,0.9431643625,0.752688172,0.8586789555,0.7849462366,0.7895545315,0.7588325653,0.9032258065,0.8341013825,0.5207373272,0.2365591398,0.1812596006,0.311827957,0.05069124424,0.3655913978,0.06451612903,0.1044546851,0.00153609831,0.2442396313,0.2365591398,0.2734254992,0.2196620584,0.07373271889,0.2734254992,0.07987711214,0.07987711214,0.09831029186,0.5023041475,0.3195084485,0.2933947773,0.2626728111,0.0291858679,0.3195084485,0.0752688172,0.05683563748,0.03686635945,0.2688172043,0.9124423963,1,0.5238095238,0.4516129032,0.9016897081,0.4930875576,0.4531490015,0.5130568356,0.7603686636,0.4715821813,0.9569892473,0.05222734255,0,0.1213517665,0.3425499232,0.03840245776,0.8694316436,0.4500768049,0.05069124424,0.1459293395,0.5330261137,0.8141321045,0.1827956989,0.2995391705,0.1812596006,0.2396313364],
	"y": [0.9198113208,0.5031446541,0.5283018868,0.9811320755,0.9591194969,0.8034591195,0.8160377358,0.9559748428,0.05031446541,0.427672956,0.5455974843,0.08490566038,0.01572327044,0.0927672956,0.141509434,0.09748427673,0.1100628931,0.1006289308,0,0.05817610063,0.1163522013,0.06918238994,0.06761006289,0.1147798742,0.4764150943,0.8522012579,0.8522012579,0.9716981132,0.9402515723,0.9009433962,0.9150943396,0.963836478,0.9842767296,0.9669811321,0.9088050314,0.8789308176,0.9669811321,0.965408805,0.8962264151,0.9261006289,0.9701257862,0.998427673,0.356918239,0.9119496855,0.9150943396,0.9827044025,0.7955974843,0.8757861635,0.965408805,1,0.9905660377,0.9685534591,0.2248427673,0.1886792453,0.4386792453,0.4229559748,0.1116352201,0.4779874214,0.4952830189,0.5298742138,0.1525157233,0.4512578616,0.1871069182,0.9355345912,0.9418238994,0.9795597484,0.9748427673,0.9905660377,0.2311320755,0.4764150943,0.7893081761,0.822327044,0.3537735849,0.1462264151,0.8773584906,0.9858490566,0.9088050314,0.8789308176],
	"color": [10,12,12,10,10,4,4,10,3,12,12,6,8,3,3,3,3,6,8,6,6,6,3,6,12,9,9,7,10,9,10,10,10,7,9,9,7,10,9,10,10,10,11,9,9,7,5,9,10,10,10,7,2,1,12,12,3,12,12,12,6,12,1,10,10,10,7,10,2,12,5,4,11,6,9,7,9,9]
}
