{
	"names": [
		"Hp-xyl",
		"ASax-key",
		"ASax-slap",
		"Gtr-ord",
		"Gtr-pizz",
		"Hp-harm",
		"Hp-ord",
		"Hp-pizz",
		"Hn-ord",
		"Hn-slap",
		"Ob-key",
		"TTbn+C-ord",
		"TTbn+H-ord",
		"TTbn+S-ord",
		"TTbn+W-ord",
		"TTbn+W-ord",
		"TTbn-ord",
		"TpC+C-ord",
		"TpC+H-ord",
		"TpC+S-ord",
		"TpC+W-ord",
		"TpC+W-ord",
		"TpC-ord",
		"TpC-pdl",
		"TpC-slap",
		"Va+S-ord",
		"Va+SP-ord",
		"Va-art",
		"Va-legno",
		"Va-ord",
		"Va-pizz",
		"Va-pizz",
		"Va-pizz",
		"Va-pont",
		"Vn+S-ord",
		"Vn+SP-ord",
		"Vn-art",
		"Vn-legno",
		"Vn-ord",
		"Vn-pizz",
		"Vn-pizz",
		"Vn-pizz",
		"Vn-pont",
		"Vc+S-ord",
		"Vc+SP-ord",
		"Vc-art",
		"Vc-legno",
		"Vc-ord",
		"Vc-pizz",
		"Vc-pizz",
		"Vc-pizz",
		"Vc-pont",
		"ASax-ord",
		"ASax-ord",
		"ASax-slap",
		"BBTb-explo",
		"BBTb-pdl",
		"BBTb-slap",
		"BBTb-slap",
		"Bn-key",
		"Bn-ord",
		"BbCl-key",
		"BbCl-ord",
		"Cb-pizz",
		"Cb-pizz",
		"Cb-pizz",
		"Cb-pont",
		"Fl-key",
		"Fl-ord",
		"Fl-tng",
		"Gtr-ord",
		"Gtr-pizz",
		"Ob-blow",
		"Ob-ord",
		"Vn-nonvib",
		"Vc-legno",
		"Vc-nonvib",
		"Vc-tasto"
	],
	"x": [0.4578096948,0.1346499102,0.1292639138,0.3482944345,0.3877917415,0.3249551167,0.3644524237,0.2854578097,0.5601436266,0.5116696589,0.1328545781,0.7019748654,0.6427289048,0.5780969479,0.592459605,0.5798922801,0.7684021544,0.8473967684,0.9317773788,0.8994614004,0.8007181329,0.7935368043,0.8958707361,0.8922800718,0.04129263914,0.9263913824,0.8150807899,0.9192100539,0.289048474,0.8850987433,0.2872531418,0.4254937163,0.447037702,0.9497307002,0.8438061041,0.8491921005,0.8886894075,0.2226211849,0.8725314183,0.3393177738,0.3788150808,0.3447037702,1,0.7773788151,0.750448833,0.9156193896,0.4057450628,0.7594254937,0.3429084381,0.407540395,0.4147217235,0.9587073609,0.7719928187,0.6660682226,0.1292639138,0.001795332136,0.9228007181,0,0.02692998205,0.02872531418,0.6804308797,0.3698384201,0.8402154399,0.3357271095,0.4434470377,0.4775583483,0.8940754039,0.170556553,0.7809694794,0.1149012567,0.3644524237,0.4434470377,1,0.8491921005,0.8330341113,0.9228007181,0.7917414722,0.8707360862],
	"y": [0.5145631068,0.2200647249,0.1650485437,0.7766990291,0.501618123,0.7055016181,0.7378640777,0.2783171521,0.5048543689,0.5792880259,0.2750809061,0.5663430421,0.6504854369,0.5533980583,0.5080906149,0.6148867314,0.715210356,0.6213592233,0.6181229773,0.5889967638,0.6828478964,0.7378640777,0.644012945,0.7087378641,0.1585760518,0.8220064725,0.932038835,0.9223300971,0.2265372168,0.9644012945,0.3268608414,0.498381877,0.5889967638,0.9352750809,0.9838187702,0.925566343,0.8996763754,0.3300970874,0.8511326861,0.1909385113,0.5663430421,0.5177993528,0.8511326861,0.8478964401,0.8802588997,0.8640776699,0.2265372168,0.9417475728,0.28802589,0.4595469256,0.5566343042,0.8673139159,0.6569579288,0.5404530744,0.1197411003,0.1715210356,0.6990291262,0.2394822006,0.2233009709,0.2653721683,0.6019417476,0.3786407767,0.8284789644,0.2427184466,0.4595469256,0.4757281553,0.7928802589,0.1682847896,0.9061488673,0,0.8284789644,0.2750809061,0.9061488673,0.5760517799,0.8834951456,0.9805825243,0.9644012945,1],
	"color": [9,13,13,8,9,8,8,1,5,9,13,2,2,5,5,5,4,6,6,6,4,4,6,6,3,10,11,10,1,10,1,9,9,10,11,11,10,1,10,1,9,9,7,11,11,10,1,11,1,9,9,10,4,2,13,3,6,3,3,3,2,1,11,1,9,9,10,13,11,12,8,1,7,6,11,10,11,10]
}
