{
	"names": [
		"Hp-xyl",
		"ASax-key",
		"ASax-slap",
		"Gtr-ord",
		"Gtr-pizz",
		"Hp-harm",
		"Hp-ord",
		"Hp-pizz",
		"Hn-ord",
		"Hn-slap",
		"Ob-key",
		"TTbn+C-ord",
		"TTbn+H-ord",
		"TTbn+S-ord",
		"TTbn+W-ord",
		"TTbn+W-ord",
		"TTbn-ord",
		"TpC+C-ord",
		"TpC+H-ord",
		"TpC+S-ord",
		"TpC+W-ord",
		"TpC+W-ord",
		"TpC-ord",
		"TpC-pdl",
		"TpC-slap",
		"Va+S-ord",
		"Va+SP-ord",
		"Va-art",
		"Va-legno",
		"Va-ord",
		"Va-pizz",
		"Va-pizz",
		"Va-pizz",
		"Va-pont",
		"Vn+S-ord",
		"Vn+SP-ord",
		"Vn-art",
		"Vn-legno",
		"Vn-ord",
		"Vn-pizz",
		"Vn-pizz",
		"Vn-pizz",
		"Vn-pont",
		"Vc+S-ord",
		"Vc+SP-ord",
		"Vc-art",
		"Vc-legno",
		"Vc-ord",
		"Vc-pizz",
		"Vc-pizz",
		"Vc-pizz",
		"Vc-pont",
		"ASax-ord",
		"ASax-ord",
		"ASax-slap",
		"BBTb-explo",
		"BBTb-pdl",
		"BBTb-slap",
		"BBTb-slap",
		"Bn-key",
		"Bn-ord",
		"BbCl-key",
		"BbCl-ord",
		"Cb-pizz",
		"Cb-pizz",
		"Cb-pizz",
		"Cb-pont",
		"Fl-key",
		"Fl-ord",
		"Fl-tng",
		"Gtr-ord",
		"Gtr-pizz",
		"Ob-blow",
		"Ob-ord",
		"Vn-nonvib",
		"Vc-legno",
		"Vc-nonvib",
		"Vc-tasto"
	],
	"x": [0.2011428571,0.6297142857,0.4834285714,0.16,0.08457142857,0.04571428571,0.004571428571,0.1211428571,0.6251428571,0.4514285714,0.7314285714,0.8148571429,0.8102857143,0.6662857143,0.5474285714,0.6228571429,0.6205714286,0.8354285714,0.8034285714,0.6274285714,0.8057142857,0.8605714286,0.624,0.7028571429,0.5405714286,0.008,0.05828571429,0.1497142857,0.3508571429,0.07885714286,0.3908571429,0.02742857143,0.3062857143,0.2525714286,0.04685714286,0.1257142857,0.152,0.432,0.08342857143,0.3405714286,0.06171428571,0.3325714286,0.3645714286,0.02285714286,0.003428571429,0.1508571429,0.2685714286,0,0.2228571429,0.136,0.304,0.2582857143,0.7131428571,1,0.5748571429,0.7234285714,0.7074285714,0.7268571429,0.7268571429,0.6834285714,0.9051428571,0.48,0.9474285714,0.2982857143,0.09828571429,0.2457142857,0.2365714286,0.528,0.8114285714,0.5234285714,0.07085714286,0.1668571429,0.4502857143,0.6845714286,0.048,0.2468571429,0,0.09485714286],
	"y": [0.003129890454,0.2973395931,0.2754303599,0.04381846635,0.2973395931,0.2738654147,0.2503912363,0.3145539906,0.8591549296,0.07511737089,0.2989045383,0.7386541471,0.6776212833,0.7042253521,0.8215962441,0.7746478873,0.730829421,0.5665101721,0.5618153365,0.6087636933,0.6197183099,0.8200312989,0.6697965571,0.9139280125,0.2316118936,0.8982785603,0.6635367762,0.8012519562,0.1392801252,0.8215962441,0.2034428795,0.200312989,0.03129890454,0.6713615023,0.917057903,0.7292644757,0.6917057903,0.2456964006,0.8810641628,0.2410015649,0.2300469484,0.08294209703,0.8215962441,0.7339593114,0.6682316119,0.9076682316,0.3004694836,0.7902973396,0.3161189358,0.09389671362,0.1283255086,0.7558685446,0.7026604069,0.5195618153,0.2926447574,0.1095461659,1,0.220657277,0.1643192488,0.3004694836,0.8200312989,0.1079812207,0.5164319249,0.2676056338,0.1220657277,0,0.7198748044,0.2879499218,0.8638497653,0.1564945227,0.1690140845,0.3317683881,0.8247261346,0.6259780908,0.8748043818,0.9076682316,0.7339593114,0.7683881064],
	"color": [5,1,1,5,5,5,5,5,15,2,1,4,4,15,3,15,15,4,4,15,4,8,15,7,1,9,9,14,5,9,5,5,2,13,9,9,14,5,9,5,5,2,13,9,9,14,5,9,5,5,2,13,15,6,1,1,11,1,1,1,8,1,6,5,5,2,13,1,10,1,5,5,12,15,9,13,9,9]
}
