{
	"names": [
		"Hp-xyl",
		"ASax-key-cl",
		"ASax-slap",
		"Gtr-ord-hi-reg",
		"Gtr-pizz",
		"Hp-harm-fngr",
		"Hp-ord",
		"Hp-pizz-bartok",
		"Hn-ord",
		"Hn-slap",
		"Ob-key-cl",
		"TTbn+C-ord",
		"TTbn+H-ord",
		"TTbn+S-ord",
		"TTbn+W-ord-closed",
		"TTbn+W-ord-open",
		"TTbn-ord",
		"TpC+C-ord",
		"TpC+H-ord",
		"TpC+S-ord",
		"TpC+W-ord-closed",
		"TpC+W-ord-open",
		"TpC-ord",
		"TpC-pdl-tone",
		"TpC-slap",
		"Va+S-ord",
		"Va+SP-ord",
		"Va-art-harm",
		"Va-legno-batt",
		"Va-ord",
		"Va-pizz-bartok",
		"Va-pizz-lv",
		"Va-pizz-sec",
		"Va-pont",
		"Vn+S-ord",
		"Vn+SP-ord",
		"Vn-art-harm",
		"Vn-legno-batt",
		"Vn-ord",
		"Vn-pizz-bartok",
		"Vn-pizz-lv",
		"Vn-pizz-sec",
		"Vn-pont",
		"Vc+S-ord",
		"Vc+SP-ord",
		"Vc-art-harm",
		"Vc-legno-batt",
		"Vc-ord",
		"Vc-pizz-bartok",
		"Vc-pizz-lv",
		"Vc-pizz-sec",
		"Vc-pont",
		"ASax-ord",
		"ASax-ord-hi-reg",
		"ASax-slap-unp",
		"BBTb-explo-slap",
		"BBTb-pdl-tone",
		"BBTb-slap",
		"BBTb-slap-unp",
		"Bn-key-cl",
		"Bn-ord",
		"BbCl-key-cl",
		"BbCl-ord-hi-reg",
		"Cb-pizz-bartok",
		"Cb-pizz-lv",
		"Cb-pizz-sec",
		"Cb-pont",
		"Fl-key-cl",
		"Fl-ord",
		"Fl-tng-ram",
		"Gtr-ord",
		"Gtr-pizz-bartok",
		"Ob-blow-no-reed",
		"Ob-ord",
		"Vn-nonvib",
		"Vc-legno-tratto",
		"Vc-nonvib",
		"Vc-tasto"
	],
	"x": [0.8135135135,0.872972973,0.8635135135,1,0.5918918919,0.6445945946,0.572972973,0.7013513514,0.01351351351,0.3540540541,0.7905405405,0.1027027027,0.08513513514,0,0.05675675676,0.06216216216,0.04054054054,0.1621621622,0.1162162162,0.1972972973,0.2013513514,0.1391891892,0.1594594595,0.1283783784,0.8310810811,0.3378378378,0.2148648649,0.4405405405,0.8175675676,0.3891891892,0.7391891892,0.7094594595,0.7459459459,0.5554054054,0.2783783784,0.1445945946,0.4716216216,0.8054054054,0.3310810811,0.7675675676,0.6986486486,0.7189189189,0.5945945946,0.0972972973,0.08648648649,0.4364864865,0.8324324324,0.172972973,0.7743243243,0.6635135135,0.6175675676,0.4662162162,0.06351351351,0.1797297297,0.8337837838,0.6716216216,0.3216216216,0.577027027,0.6189189189,0.8094594595,0.08513513514,0.7810810811,0.1851351351,0.8040540541,0.6486486486,0.6175675676,0.2959459459,0.8702702703,0.3513513514,0.9081081081,0.5716216216,0.7716216216,0.8513513514,0.1986486486,0.3689189189,0.5162162162,0.1081081081,0.1297297297],
	"y": [0.3825,0.01375,0.09875,0.55625,0.48125,0.54625,0.51875,0.12375,0.35875,0.3625,0.04375,0.44125,0.46625,0.31375,0.33875,0.38125,0.29375,0.4975,0.49,0.4475,0.52875,0.45875,0.43625,0.415,0.075,0.96375,0.95625,0.92,0.27,0.94125,0.1575,0.56,0.50375,0.9275,0.9925,0.98625,0.93375,0.23375,0.995,0.095,0.5175,0.4675,0.9275,1,0.935,0.855,0.33125,0.96,0.13125,0.57125,0.45,0.8875,0.96875,0.76875,0.0275,0.01125,0.15,0.01125,0.0075,0,0.31,0.20125,0.7025,0.1625,0.49375,0.51625,0.96125,0.05125,0.935,0.02875,0.445,0.4225,0.98375,0.49,0.97375,0.92625,0.96125,0.93875],
	"color": [7,3,3,13,7,7,7,4,15,8,3,14,14,15,15,15,15,14,14,14,14,14,14,14,3,9,12,2,4,9,4,7,7,2,9,12,2,4,9,4,7,7,2,12,12,2,7,12,4,7,7,2,12,11,3,1,6,1,1,3,15,4,10,4,7,7,9,3,9,3,7,7,5,14,9,2,12,12]
}
