{
	"names": [
		"Hp-xyl",
		"ASax-key-cl",
		"ASax-slap",
		"Gtr-ord-hi-reg",
		"Gtr-pizz",
		"Hp-harm-fngr",
		"Hp-ord",
		"Hp-pizz-bartok",
		"Hn-ord",
		"Hn-slap",
		"Ob-key-cl",
		"TTbn+C-ord",
		"TTbn+H-ord",
		"TTbn+S-ord",
		"TTbn+W-ord-closed",
		"TTbn+W-ord-open",
		"TTbn-ord",
		"TpC+C-ord",
		"TpC+H-ord",
		"TpC+S-ord",
		"TpC+W-ord-closed",
		"TpC+W-ord-open",
		"TpC-ord",
		"TpC-pdl-tone",
		"TpC-slap",
		"Va+S-ord",
		"Va+SP-ord",
		"Va-art-harm",
		"Va-legno-batt",
		"Va-ord",
		"Va-pizz-bartok",
		"Va-pizz-lv",
		"Va-pizz-sec",
		"Va-pont",
		"Vn+S-ord",
		"Vn+SP-ord",
		"Vn-art-harm",
		"Vn-legno-batt",
		"Vn-ord",
		"Vn-pizz-bartok",
		"Vn-pizz-lv",
		"Vn-pizz-sec",
		"Vn-pont",
		"Vc+S-ord",
		"Vc+SP-ord",
		"Vc-art-harm",
		"Vc-legno-batt",
		"Vc-ord",
		"Vc-pizz-bartok",
		"Vc-pizz-lv",
		"Vc-pizz-sec",
		"Vc-pont",
		"ASax-ord",
		"ASax-ord-hi-reg",
		"ASax-slap-unp",
		"BBTb-explo-slap",
		"BBTb-pdl-tone",
		"BBTb-slap",
		"BBTb-slap-unp",
		"Bn-key-cl",
		"Bn-ord",
		"BbCl-key-cl",
		"BbCl-ord-hi-reg",
		"Cb-pizz-bartok",
		"Cb-pizz-lv",
		"Cb-pizz-sec",
		"Cb-pont",
		"Fl-key-cl",
		"Fl-ord",
		"Fl-tng-ram",
		"Gtr-ord",
		"Gtr-pizz-bartok",
		"Ob-blow-no-reed",
		"Ob-ord",
		"Vn-nonvib",
		"Vc-legno-tratto",
		"Vc-nonvib",
		"Vc-tasto"
	],
	"x": [0.01681867121,0.006825938567,0.2235494881,0.01365187713,0.09897610922,0.156996587,0.3549488055,0.08532423208,0.4948805461,0.138225256,0.156996587,0.885665529,0.3976109215,0.8225255973,0.4385665529,0.7918088737,0.8464163823,0.8276450512,0.9470989761,1,0.4692832765,0.8139931741,0.9232081911,0.7866894198,0.003412969283,0.7679180887,0.5068259386,0.7116040956,0.2167235495,0.7576791809,0.07508532423,0.01706484642,0.1075085324,0.6638225256,0.7150170648,0.6467576792,0.6296928328,0.1433447099,0.5204778157,0.1740614334,0.1672354949,0.05631399317,0.6058020478,0.6757679181,0.7218430034,0.6348122867,0.2098976109,0.6877133106,0.2098976109,0.1245733788,0.04607508532,0.6877133106,0.7440273038,0.4419795222,0,0.3276450512,0.4556313993,0.1058020478,0.1945392491,0.08873720137,0.5392491468,0.1177474403,0.4300341297,0.06484641638,0.1723549488,0.2081911263,0.6723549488,0.09385665529,0.5460750853,0.1587030717,0.2610921502,0.2781569966,0.5784982935,0.8600682594,0.3959044369,0.5972696246,0.752559727,0.5989761092],
	"y": [0.4014889508,0.6310679612,0.5,0.004854368932,0.9514563107,0.2427184466,0.2378640777,0.4174757282,0.2669902913,0.145631068,0.7669902913,0.5,0.1796116505,0.3106796117,0.3009708738,0.2038834951,0.2038834951,0.5339805825,0.2718446602,0.2766990291,0.3980582524,0.427184466,0.3786407767,0.5048543689,0.2912621359,0.3398058252,0.1359223301,0.4708737864,0.1553398058,0.2330097087,0.2718446602,0.1650485437,0.2524271845,0.8495145631,0.3203883495,0.3349514563,0.2427184466,0.5388349515,0.4223300971,0.0145631068,0.6553398058,1,0.3300970874,0.4126213592,0.2233009709,0.4902912621,0.7524271845,0.3203883495,0.3058252427,0.3786407767,0.5533980583,0.5436893204,0.6019417476,0.1747572816,0.7427184466,0.5436893204,0.5291262136,0.8155339806,0.4077669903,0,0.213592233,0.6747572816,0.427184466,0.786407767,0.8349514563,0.5922330097,0.2524271845,0.5436893204,0.1359223301,0.4466019417,0.3786407767,0.06796116505,0.3058252427,0.3834951456,0.3203883495,0.6310679612,0.427184466,0.4466019417],
	"color": [8,8,8,8,8,8,6,8,9,8,8,5,9,5,9,2,5,5,5,5,9,5,5,5,8,2,4,2,8,2,8,8,8,1,2,1,3,8,4,8,8,8,3,2,2,1,8,2,8,8,8,2,2,9,8,7,9,8,8,8,4,8,9,8,8,8,1,8,4,8,8,8,3,5,9,3,2,3]
}
