{
	"names": [
		"Hp-xyl",
		"ASax-key-cl",
		"ASax-slap",
		"Gtr-ord-hi-reg",
		"Gtr-pizz",
		"Hp-harm-fngr",
		"Hp-ord",
		"Hp-pizz-bartok",
		"Hn-ord",
		"Hn-slap",
		"Ob-key-cl",
		"TTbn+C-ord",
		"TTbn+H-ord",
		"TTbn+S-ord",
		"TTbn+W-ord-closed",
		"TTbn+W-ord-open",
		"TTbn-ord",
		"TpC+C-ord",
		"TpC+H-ord",
		"TpC+S-ord",
		"TpC+W-ord-closed",
		"TpC+W-ord-open",
		"TpC-ord",
		"TpC-pdl-tone",
		"TpC-slap",
		"Va+S-ord",
		"Va+SP-ord",
		"Va-art-harm",
		"Va-legno-batt",
		"Va-ord",
		"Va-pizz-bartok",
		"Va-pizz-lv",
		"Va-pizz-sec",
		"Va-pont",
		"Vn+S-ord",
		"Vn+SP-ord",
		"Vn-art-harm",
		"Vn-legno-batt",
		"Vn-ord",
		"Vn-pizz-bartok",
		"Vn-pizz-lv",
		"Vn-pizz-sec",
		"Vn-pont",
		"Vc+S-ord",
		"Vc+SP-ord",
		"Vc-art-harm",
		"Vc-legno-batt",
		"Vc-ord",
		"Vc-pizz-bartok",
		"Vc-pizz-lv",
		"Vc-pizz-sec",
		"Vc-pont",
		"ASax-ord",
		"ASax-ord-hi-reg",
		"ASax-slap-unp",
		"BBTb-explo-slap",
		"BBTb-pdl-tone",
		"BBTb-slap",
		"BBTb-slap-unp",
		"Bn-key-cl",
		"Bn-ord",
		"BbCl-key-cl",
		"BbCl-ord-hi-reg",
		"Cb-pizz-bartok",
		"Cb-pizz-lv",
		"Cb-pizz-sec",
		"Cb-pont",
		"Fl-key-cl",
		"Fl-ord",
		"Fl-tng-ram",
		"Gtr-ord",
		"Gtr-pizz-bartok",
		"Ob-blow-no-reed",
		"Ob-ord",
		"Vn-nonvib",
		"Vc-legno-tratto",
		"Vc-nonvib",
		"Vc-tasto"
	],
	"x": [0.7835550181,0.9528415961,0.9214026602,0.9975816203,0.8597339782,0.8706166868,0.869407497,0.8730350665,0.007255139057,0.3663845224,0.6396614268,0.0761789601,0.0338573156,0,0.009673518742,0.1015719468,0.04957678356,0.04353083434,0.003627569528,0.09189842805,0.1209189843,0.1414752116,0.1777509069,0.04836759371,0.7726723096,0.3603385732,0.3131801693,0.238210399,0.7932285369,0.4123337364,0.8246674728,0.8016928658,0.7666263603,0.2672309553,0.4764207981,0.4945586457,0.3204353083,0.7339782346,0.38452237,0.7581620314,0.8331318017,0.823458283,0.1559854897,0.4836759371,0.4679564692,0.2466747279,0.8113663845,0.5090689238,0.8391777509,0.8016928658,0.8512696493,0.2019347037,0.4183796856,0.1124546554,0.5973397823,0.9987908102,0.02297460701,0.5042321644,0.4740024184,1,0.0338573156,0.7291414752,0.03022974607,0.869407497,0.8645707376,0.7376058041,0.2660217654,0.807738815,0.400241838,0.8863361548,0.8609431681,0.8246674728,0.01088270859,0.04715840387,0.5018137848,0.1342200726,0.338573156,0.3917775091],
	"y": [0.906002265,0,0.004530011325,0.2400906002,0.5662514156,0.3476783692,0.4869762174,0.4167610419,0.4745186863,0.2298980747,0.114382786,0.4926387316,0.7349943375,0.543601359,0.4031710079,0.4575311438,0.4926387316,0.6557191393,0.6693091733,0.6557191393,0.7146092865,0.4869762174,0.6296715742,0.6138165345,0.03737259343,0.7904869762,0.8867497169,0.9943374858,0.6545866365,0.9966024915,0.7485843715,0.8584371461,0.825594564,0.9920724802,0.986409966,0.8312570781,0.9875424689,0.926387316,0.9977349943,0.7338618347,0.8844847112,0.9354473386,1,0.8890147225,0.832389581,0.8278595696,0.7078142695,0.8890147225,0.6194790487,0.805209513,0.9377123443,0.9954699887,0.8550396376,0.3997734994,0.1121177803,0.04303510759,0.3612684032,0.1041902605,0.107587769,0.002265005663,0.543601359,0.09852774632,0.1845979615,0.6976217441,0.7904869762,0.8720271801,0.8822197055,0.03510758777,0.899207248,0.06568516421,0.254813137,0.194790487,0.9671574179,0.4450736127,0.9852774632,0.9977349943,0.8867497169,0.7927519819],
	"color": [5,2,2,6,5,4,4,4,9,2,2,9,10,9,9,9,9,10,10,10,10,9,10,10,2,7,7,8,5,8,5,5,5,8,8,7,8,5,8,5,5,5,8,7,7,7,5,7,5,5,5,8,7,9,2,2,9,2,2,2,9,2,3,5,5,5,7,2,7,2,4,4,1,9,8,8,7,7]
}
