{
	"names": [
		"Hp-xyl",
		"ASax-key-cl",
		"ASax-slap",
		"Gtr-ord-hi-reg",
		"Gtr-pizz",
		"Hp-harm-fngr",
		"Hp-ord",
		"Hp-pizz-bartok",
		"Hn-ord",
		"Hn-slap",
		"Ob-key-cl",
		"TTbn+C-ord",
		"TTbn+H-ord",
		"TTbn+S-ord",
		"TTbn+W-ord-closed",
		"TTbn+W-ord-open",
		"TTbn-ord",
		"TpC+C-ord",
		"TpC+H-ord",
		"TpC+S-ord",
		"TpC+W-ord-closed",
		"TpC+W-ord-open",
		"TpC-ord",
		"TpC-pdl-tone",
		"TpC-slap",
		"Va+S-ord",
		"Va+SP-ord",
		"Va-art-harm",
		"Va-legno-batt",
		"Va-ord",
		"Va-pizz-bartok",
		"Va-pizz-lv",
		"Va-pizz-sec",
		"Va-pont",
		"Vn+S-ord",
		"Vn+SP-ord",
		"Vn-art-harm",
		"Vn-legno-batt",
		"Vn-ord",
		"Vn-pizz-bartok",
		"Vn-pizz-lv",
		"Vn-pizz-sec",
		"Vn-pont",
		"Vc+S-ord",
		"Vc+SP-ord",
		"Vc-art-harm",
		"Vc-legno-batt",
		"Vc-ord",
		"Vc-pizz-bartok",
		"Vc-pizz-lv",
		"Vc-pizz-sec",
		"Vc-pont",
		"ASax-ord",
		"ASax-ord-hi-reg",
		"ASax-slap-unp",
		"BBTb-explo-slap",
		"BBTb-pdl-tone",
		"BBTb-slap",
		"BBTb-slap-unp",
		"Bn-key-cl",
		"Bn-ord",
		"BbCl-key-cl",
		"BbCl-ord-hi-reg",
		"Cb-pizz-bartok",
		"Cb-pizz-lv",
		"Cb-pizz-sec",
		"Cb-pont",
		"Fl-key-cl",
		"Fl-ord",
		"Fl-tng-ram",
		"Gtr-ord",
		"Gtr-pizz-bartok",
		"Ob-blow-no-reed",
		"Ob-ord",
		"Vn-nonvib",
		"Vc-legno-tratto",
		"Vc-nonvib",
		"Vc-tasto"
	],
	"x": [0.5773809524,0.7242063492,0.5535714286,0.8174603175,0.7470238095,0.8948412698,0.8740079365,0.7400793651,0.0128968254,0.3412698413,0.4454365079,0.01488095238,0.08234126984,0.04464285714,0.01488095238,0.0496031746,0.1805555556,0.02777777778,0,0.1130952381,0.05853174603,0.04861111111,0.1527777778,0.2251984127,0.3878968254,0.9791666667,0.9900793651,0.681547619,0.6378968254,0.8462301587,0.9027777778,0.9166666667,0.6001984127,0.6666666667,0.7609126984,0.878968254,0.6001984127,0.4910714286,0.8055555556,0.693452381,0.6805555556,0.7390873016,0.5734126984,0.9742063492,1,0.7192460317,0.6646825397,0.933531746,0.7430555556,0.625,0.6339285714,0.6150793651,0.07341269841,0.03373015873,0.5029761905,0.9831349206,0.2490079365,0.9781746032,0.939484127,0.4603174603,0.09821428571,0.3323412698,0.03075396825,0.7003968254,0.9444444444,0.748015873,0.6884920635,0.6825396825,0.119047619,0.3244047619,0.9384920635,0.9553571429,0.5297619048,0.0496031746,0.9672619048,0.6458333333,0.9454365079,0.8918650794],
	"y": [1,0.7229551451,0.7955145119,0.5052770449,0.7796833773,0.4419525066,0.481530343,0.9155672823,0.2493403694,0.5540897098,0.5065963061,0.1437994723,0.5079155673,0.1767810026,0.1886543536,0.1187335092,0.03166226913,0.03298153034,0.007915567282,0.02242744063,0,0.5026385224,0.003957783641,0.01583113456,0.5646437995,0.1952506596,0.2480211082,0.001319261214,0.8852242744,0.04221635884,0.518469657,0.4749340369,0.8007915567,0.07124010554,0.006596306069,0.01055408971,0.04617414248,0.5606860158,0.01187335092,0.77176781,0.8166226913,0.6596306069,0.009234828496,0.03034300792,0.08047493404,0.06596306069,0.944591029,0.002638522427,0.6002638522,0.9881266491,0.8179419525,0.001319261214,0.6042216359,0.8680738786,0.6266490765,0.8535620053,0.246701847,0.8047493404,0.827176781,0.6649076517,0.5540897098,0.7137203166,0.9155672823,0.8654353562,0.4287598945,0.8390501319,0.0382585752,0.6767810026,0.4604221636,0.6530343008,0.5435356201,0.6029023747,0.006596306069,0.562005277,0.1200527704,0.009234828496,0.0765171504,0.07124010554],
	"color": [3,3,3,10,3,10,10,3,1,6,6,1,11,1,1,1,7,12,12,7,12,11,7,7,6,5,5,2,3,5,10,10,3,2,5,5,2,6,5,3,3,3,2,5,5,2,3,5,3,3,3,2,11,9,6,8,4,8,8,6,11,6,9,3,10,3,2,3,11,6,10,10,2,11,5,2,5,5]
}
