{
	"names": [
		"Hp-xyl",
		"ASax-key-cl",
		"ASax-slap",
		"Gtr-ord-hi-reg",
		"Gtr-pizz",
		"Hp-harm-fngr",
		"Hp-ord",
		"Hp-pizz-bartok",
		"Hn-ord",
		"Hn-slap",
		"Ob-key-cl",
		"TTbn+C-ord",
		"TTbn+H-ord",
		"TTbn+S-ord",
		"TTbn+W-ord-closed",
		"TTbn+W-ord-open",
		"TTbn-ord",
		"TpC+C-ord",
		"TpC+H-ord",
		"TpC+S-ord",
		"TpC+W-ord-closed",
		"TpC+W-ord-open",
		"TpC-ord",
		"TpC-pdl-tone",
		"TpC-slap",
		"Va+S-ord",
		"Va+SP-ord",
		"Va-art-harm",
		"Va-legno-batt",
		"Va-ord",
		"Va-pizz-bartok",
		"Va-pizz-lv",
		"Va-pizz-sec",
		"Va-pont",
		"Vn+S-ord",
		"Vn+SP-ord",
		"Vn-art-harm",
		"Vn-legno-batt",
		"Vn-ord",
		"Vn-pizz-bartok",
		"Vn-pizz-lv",
		"Vn-pizz-sec",
		"Vn-pont",
		"Vc+S-ord",
		"Vc+SP-ord",
		"Vc-art-harm",
		"Vc-legno-batt",
		"Vc-ord",
		"Vc-pizz-bartok",
		"Vc-pizz-lv",
		"Vc-pizz-sec",
		"Vc-pont",
		"ASax-ord",
		"ASax-ord-hi-reg",
		"ASax-slap-unp",
		"BBTb-explo-slap",
		"BBTb-pdl-tone",
		"BBTb-slap",
		"BBTb-slap-unp",
		"Bn-key-cl",
		"Bn-ord",
		"BbCl-key-cl",
		"BbCl-ord-hi-reg",
		"Cb-pizz-bartok",
		"Cb-pizz-lv",
		"Cb-pizz-sec",
		"Cb-pont",
		"Fl-key-cl",
		"Fl-ord",
		"Fl-tng-ram",
		"Gtr-ord",
		"Gtr-pizz-bartok",
		"Ob-blow-no-reed",
		"Ob-ord",
		"Vn-nonvib",
		"Vc-legno-tratto",
		"Vc-nonvib",
		"Vc-tasto"
	],
	"x": [0.1029411765,0.3888888889,0.008169934641,0.362745098,0.2745098039,0.2614379085,0.09892290194,0.07516339869,0.7777777778,0.1977124183,0.4035947712,0.9526143791,0.7532679739,0.9477124183,0.7581699346,0.931372549,0.8807189542,0.5065359477,1,0.8316993464,0.8970588235,0.9918300654,0.8284313725,0.8954248366,0.3251633987,0.4820261438,0.2238562092,0.3807189542,0.1960784314,0.0931372549,0,0.06045751634,0.1323529412,0.3088235294,0.1552287582,0.2189542484,0.7549019608,0.0408496732,0.07026143791,0.2107843137,0.07189542484,0.1241830065,0.4901960784,0.2222222222,0.158496732,0.5522875817,0.2287581699,0.2189542484,0.2369281046,0.02941176471,0.05882352941,0.2630718954,0.3267973856,0.8725490196,0.3986928105,0.5620915033,0.7320261438,0.6290849673,0.5392156863,0.4509803922,0.3709150327,0.3513071895,0.9836601307,0.2647058824,0.006535947712,0.1454248366,0.4591503268,0.1470588235,0.4362745098,0.5196078431,0.2205882353,0.1078431373,0.5980392157,0.8088235294,0.5245098039,0.6437908497,0.295751634,0.339869281],
	"y": [0.3182552504,0.07915993538,0.4071082391,0.2730210016,0.3053311793,0.3844911147,0.02237262229,0.4313408724,0.9838449111,0.5718901454,0.01453957997,1,0.8416801292,0.8061389338,0.5880452342,0.8578352181,0.8126009693,0.9111470113,0.7851373183,0.9418416801,0.7657512116,0.8416801292,0.8578352181,0.98546042,0.0549273021,0.8529886914,0.8126009693,0.5557350565,0.2197092084,0.7092084006,0.3424878837,0.253634895,0.1098546042,0.5815831987,0.8287560582,0.6768982229,0.3812600969,0.1599353796,0.7592891761,0.2504038772,0.06946688207,0.2697899838,0.5379644588,0.7382875606,0.7495961228,0.6785137318,0.098546042,0.9369951535,0.253634895,0.2778675283,0.3441033926,0.6138933764,0.8481421648,0.5460420032,0.06462035541,0.09531502423,0.2277867528,0.1308562197,0.182552504,0,0.7447495961,0.1211631664,0.2180936995,0.1954765751,0.1195476575,0.04846526656,0.4394184168,0.1647819063,0.8142164782,0.04684975767,0.3344103393,0.5056542811,0.436187399,0.7754442649,0.8400646204,0.5121163166,0.7932148627,0.9515347334],
	"color": [3,14,4,3,5,5,3,4,1,4,14,1,1,1,6,1,1,11,1,1,1,1,1,1,14,11,11,13,3,11,3,3,3,13,11,11,12,3,11,8,3,3,13,11,11,2,8,11,8,3,3,2,11,12,14,10,9,10,10,7,11,8,12,8,3,3,12,3,11,14,3,4,6,1,11,6,11,11]
}
